user_id,recommendations
1340,"[912704, 1037840, 1087755, 6602685, 971646]"
588,"[1106523, 907631, 866211, 919534, 1041796]"
2070,"[865456, 12810391, 933067, 913210, 916122]"
1602,"[1082185, 1070820, 944836, 1104343, 848319]"
447,"[899624, 1051211, 5569327, 866488, 1031864]"
117,"[6463729, 940947, 852360, 1105488, 852235]"
1762,"[983584, 1029743, 1016800, 976199, 1082185]"
1550,"[871513, 1044078, 1106523, 1057113, 1059902]"
2475,"[1121384, 5578856, 1070820, 5569471, 971922]"
762,"[986912, 1068719, 10455984, 1022254, 1104414]"
1453,"[1092588, 986912, 1062128, 916122, 6602697]"
2322,"[1127831, 1082185, 1044259, 1110409, 909714]"
1257,"[1126899, 847207, 1113164, 999090, 1056775]"
1794,"[8090513, 1029743, 1106523, 1102416, 843464]"
1328,"[875089, 13841744, 951590, 910032, 1029743]"
1061,"[5585510, 1106523, 899624, 13841744, 832678]"
1566,"[976199, 1118623, 979707, 854042, 1051323]"
1179,"[1056509, 1132771, 1116050, 962229, 5566309]"
2489,"[1068719, 999270, 999104, 1029743, 1059902]"
2184,"[1106523, 983584, 1056509, 1081177, 901067]"
2228,[]
1277,"[1106523, 1006483, 1090884, 916122, 1116635]"
1804,"[1029743, 948670, 852856, 823704, 1075007]"
1735,"[1068719, 850102, 1082990, 1004906, 1044078]"
1821,"[1106523, 983584, 979707, 933835, 8090521]"
1907,"[976199, 916122, 872137, 1125601, 844179]"
1393,"[12810393, 12757544, 956672, 13876901, 901062]"
844,"[5566472, 1127831, 1026118, 923670, 957232]"
1724,"[1126899, 957951, 829852, 1104343, 1013531]"
1854,"[1062002, 1046756, 957736, 1055504, 1072693]"
2285,"[857503, 13956162, 9707461, 904833, 1105917]"
1944,"[1070820, 1029743, 880427, 1121384, 1098844]"
106,"[5569230, 1116050, 894439, 1004906, 6034857]"
534,"[1124695, 1106523, 1029743, 1104195, 995686]"
1366,"[14106445, 5566800, 922561, 1101010, 1087102]"
401,"[1070272, 1127758, 942166, 965766, 948832]"
894,"[825541, 1138631, 5569230, 8177622, 891632]"
397,"[985999, 1126899, 6904613, 1043787, 1128016]"
853,"[9653714, 6602729, 9859017, 961979, 871722]"
538,"[1070820, 1082212, 906838, 1098844, 9296919]"
663,"[1082185, 1036486, 1005173, 1134143, 896974]"
1398,"[844179, 1106523, 1029743, 916993, 1044078]"
1570,"[979707, 1029743, 908318, 9483753, 1070702]"
1305,"[1103808, 983584, 1106523, 944139, 5569230]"
1994,"[6546065, 1079482, 5591606, 9487993, 1106523]"
882,"[1137775, 1106523, 957063, 1044078, 1043751]"
1795,"[1070820, 890610, 8090521, 914318, 1008032]"
1491,"[1106523, 901062, 965766, 825170, 981677]"
2241,"[1029743, 933835, 1021116, 907631, 1124695]"
2015,"[12810393, 12301405, 940947, 865528, 1044188]"
696,"[1126899, 983584, 1082185, 1101010, 971922]"
1412,"[9487606, 1029743, 885290, 8090539, 862799]"
981,"[1082212, 1007210, 913210, 898466, 852014]"
1651,"[1104343, 6034857, 1055737, 971507, 1092303]"
292,"[1106523, 961730, 892838, 933835, 864335]"
1203,"[1106523, 866211, 1044078, 12302069, 1042438]"
2194,"[15926886, 8090537, 1081177, 845307, 854852]"
204,"[1070820, 923670, 1004906, 6034857, 1131115]"
1770,"[1029743, 979707, 1022254, 960791, 1043971]"
81,"[1029743, 1093413, 971922, 933835, 1138443]"
64,"[1131344, 7410336, 949023, 1093413, 1106523]"
2238,"[918746, 971983, 6391080, 5592610, 1029743]"
2484,"[1029743, 899624, 873964, 878715, 896613]"
841,"[1044078, 916122, 863447, 1101010, 1135468]"
1166,"[1029743, 899624, 1075214, 5566800, 1060408]"
804,"[957063, 1013928, 1029743, 5587656, 849870]"
2363,"[1070820, 944137, 6602697, 1024306, 1029743]"
1659,"[1044078, 1029743, 6034857, 1105488, 854852]"
2151,"[976199, 1029743, 1106523, 1122358, 1083787]"
101,"[1106523, 899624, 1044078, 858999, 880150]"
1397,"[1068719, 1106523, 880150, 944534, 1044078]"
1510,"[986912, 899624, 848319, 1051211, 910032]"
1240,"[6034857, 1070820, 944836, 5568378, 913210]"
113,"[976199, 1098844, 1113274, 1070820, 909268]"
382,[]
18,"[1081177, 961620, 951412, 835278, 1053628]"
228,"[1139782, 1126899, 5569471, 1134810, 899624]"
1637,"[971922, 1014948, 986912, 827999, 1053282]"
442,"[999858, 1011926, 929730, 863447, 1135258]"
1128,"[5592931, 1044188, 921406, 1106523, 1043663]"
1137,"[1124432, 935527, 885290, 914318, 924667]"
1530,"[6548453, 936830, 1029743, 938300, 999104]"
1653,"[1029743, 1044078, 865456, 971922, 12810391]"
360,"[5568378, 1106523, 1079228, 1037840, 1075368]"
1454,"[1082185, 1029743, 979707, 5569374, 1137775]"
2189,"[1042942, 913210, 1065979, 1015280, 1137273]"
900,"[1068719, 986912, 976199, 5569230, 6979579]"
485,"[1029743, 972665, 981103, 862799, 1083787]"
885,"[5587656, 1106523, 1006483, 937292, 1082185]"
1030,[]
1004,"[6979248, 15452599, 894499, 961620, 849202]"
1051,"[6534578, 1137775, 1029743, 933835, 865026]"
433,"[1106523, 5565202, 1082185, 896613, 1029743]"
1658,"[963727, 841236, 885290, 888543, 912004]"
1394,"[940947, 1101437, 845975, 1125601, 6979545]"
119,"[5565664, 871722, 1138467, 1051468, 1071342]"
2264,"[1126899, 916122, 5587656, 5590613, 1106271]"
618,"[1106523, 1037840, 1070820, 1101010, 951561]"
1262,[]
20,"[944454, 1075368, 10149303, 8090536, 1126899]"
2360,"[12263492, 1029743, 883003, 909714, 916122]"
243,"[1126899, 6034857, 1071446, 901062, 933835]"
125,"[5568378, 1029743, 834117, 5585510, 883003]"
768,"[1029743, 913210, 834117, 993638, 9526572]"
13,"[1068719, 1029743, 9488065, 1038985, 1075214]"
1937,"[999104, 1070820, 833724, 986912, 1004906]"
1151,"[1136524, 1122358, 832968, 1021225, 1106523]"
1694,"[835098, 856252, 1108168, 1044078, 844179]"
1704,"[890610, 873324, 854405, 940947, 1037840]"
2237,"[6533936, 916122, 849202, 976199, 5592931]"
707,"[1029743, 5569471, 1014948, 929018, 1098844]"
2076,"[854852, 835098, 1098844, 1106523, 917406]"
2130,"[1082185, 1106523, 899624, 983584, 1068719]"
1406,"[943362, 1082185, 933835, 1138443, 1087102]"
208,"[12352293, 1055425, 865456, 885290, 979707]"
2330,"[8090536, 857503, 1101010, 913210, 1070820]"
1720,"[5568729, 878715, 1040807, 834117, 1070820]"
239,"[1106523, 1044078, 13115501, 835098, 937292]"
1579,"[1029743, 916122, 1041796, 1068719, 983584]"
470,"[1119784, 986596, 908314, 871633, 1032819]"
1803,"[1022254, 1029743, 939860, 853998, 6979579]"
920,"[9884698, 1082185, 1106523, 1097001, 972931]"
301,"[12757280, 825994, 1094924, 837644, 1040807]"
2050,"[857503, 899624, 13841744, 955431, 12731714]"
2162,"[6395907, 1052294, 871756, 15596112, 1110244]"
1489,"[1029743, 933835, 9553382, 849202, 1121384]"
1172,"[963686, 1029743, 1068719, 1029688, 970866]"
1287,"[965766, 1130375, 854852, 1042438, 872137]"
32,"[901062, 1094924, 8293447, 1003649, 1068719]"
695,"[1082185, 1029743, 933835, 899624, 857503]"
404,"[9392953, 1092588, 926164, 990256, 971983]"
1355,"[1004906, 976199, 1029743, 916122, 944534]"
1091,"[1029743, 965766, 12302069, 1139142, 879504]"
79,"[1103513, 1087411, 1127328, 1070820, 956672]"
1228,"[866211, 1106523, 1068719, 1022254, 899624]"
1046,"[1126899, 888104, 823862, 908312, 1135552]"
389,"[1126899, 9835509, 10344585, 1022254, 1122358]"
1618,"[9420183, 12262992, 1070820, 1138443, 901062]"
2479,"[1106523, 916122, 910032, 909714, 9835509]"
426,"[14106445, 1098844, 1022254, 1011926, 1098248]"
550,[]
553,"[1029743, 849202, 1040807, 1009361, 1075368]"
1956,"[5564683, 9676852, 1126899, 933835, 1070820]"
2215,"[1128240, 1112205, 880150, 1004906, 890695]"
451,"[999189, 1068292, 972320, 934639, 1122358]"
891,"[866211, 983584, 1028891, 854405, 13654702]"
2102,"[9333734, 12262778, 940947, 5592931, 854852]"
1580,"[918746, 1079987, 1029743, 939636, 1024051]"
669,"[1082185, 1126899, 5568729, 880427, 951412]"
396,"[879031, 1106523, 1131384, 1075368, 1126899]"
1042,"[856252, 985999, 1044078, 916122, 951412]"
432,"[1044078, 1004906, 961979, 999250, 1029743]"
1459,"[6514160, 8065410, 12781666, 872137, 948832]"
345,"[1137775, 6602697, 899624, 1068719, 937292]"
850,"[957232, 899624, 823990, 937292, 1004001]"
2401,"[848029, 1106523, 6979518, 825343, 1081177]"
2412,"[13841744, 9836106, 1106523, 1068719, 899624]"
2154,"[999270, 1106523, 901062, 6533362, 6904666]"
2420,"[1106523, 12731714, 1121059, 9835223, 944534]"
569,"[6391080, 921406, 981677, 12428017, 1131374]"
1547,"[9419525, 968992, 829722, 884686, 5575861]"
975,"[5569327, 13381584, 9802981, 868888, 944836]"
511,"[1029743, 1116635, 983584, 12301100, 6904467]"
2132,"[901062, 866211, 990797, 1004906, 1081177]"
161,"[12352054, 1051323, 976199, 1050851, 935527]"
2301,"[1057749, 829291, 961980, 983584, 1013597]"
888,"[916122, 856252, 901062, 1000237, 848319]"
2483,"[6533936, 948832, 1070820, 1105488, 878996]"
710,"[1024051, 1106523, 922636, 13381584, 1037417]"
949,"[1029743, 8090521, 8090537, 940947, 859154]"
2198,"[913210, 1013928, 863762, 865026, 944534]"
1367,"[1126899, 933835, 1087102, 1116635, 940947]"
594,"[1029743, 957232, 1068719, 899624, 1013928]"
972,"[6632283, 13008334, 5590765, 1001168, 1136719]"
418,"[13190349, 12385477, 1029743, 1098844, 971922]"
2459,"[1029743, 854852, 1004906, 899624, 1128016]"
2460,[]
1425,"[1101010, 8090521, 940947, 8090537, 8090509]"
1378,"[10306691, 9653535, 5585510, 1062002, 10306817]"
560,"[1029743, 999104, 933835, 863885, 1104414]"
982,"[5569230, 5563693, 1075368, 1029743, 899624]"
855,"[6424472, 1029743, 916993, 986912, 825994]"
728,"[976199, 899624, 1029743, 844179, 1004906]"
1029,"[13213604, 1126899, 933835, 1040807, 885290]"
2274,"[1082185, 1132911, 1101010, 1013928, 971922]"
1475,"[1070820, 916122, 951197, 1056509, 933835]"
463,"[1106523, 1082185, 1055504, 901062, 12810393]"
2116,"[1099089, 1070820, 854754, 1087102, 957951]"
1643,"[1106523, 893018, 957232, 1029743, 896085]"
91,"[1029743, 972342, 1060912, 906449, 910151]"
638,"[1059347, 7139529, 1029743, 919534, 844179]"
1534,"[1070820, 999198, 867272, 851146, 971983]"
1297,"[1082185, 1026118, 1029743, 870515, 1117514]"
603,"[1106523, 871756, 919534, 1029743, 5981074]"
1557,"[1095944, 1106523, 919766, 888586, 1128812]"
759,"[906844, 854852, 824661, 1043084, 1131374]"
37,"[1097001, 916990, 1136171, 1067695, 1056212]"
1484,"[919534, 1004906, 944836, 995628, 1098844]"
1767,"[1106523, 5569230, 8090537, 1068719, 5568378]"
1358,"[1029743, 1106523, 1041796, 1068719, 5568378]"
558,"[1139066, 1106523, 893018, 933067, 1056005]"
2263,"[976199, 5592931, 1004906, 1022254, 901062]"
246,"[1070820, 1029743, 1082212, 908217, 13877192]"
916,"[824193, 901557, 1075368, 1006483, 9483753]"
823,"[873964, 947798, 1108168, 1118946, 1106523]"
1620,"[1106523, 899624, 13381584, 1068719, 1044078]"
2467,"[1126899, 8090536, 1083446, 5568789, 1058754]"
2086,"[1082185, 5585510, 1029743, 1121193, 1004906]"
1383,"[1034176, 13190349, 1106523, 1029743, 1060292]"
1564,"[854852, 899624, 834303, 856060, 901062]"
2352,"[991205, 864137, 1006184, 849697, 8118764]"
358,"[5568489, 879008, 1106523, 872137, 5569230]"
2199,"[1126899, 1101010, 1070820, 1041796, 8019968]"
802,[]
747,"[8090537, 1029743, 8090509, 1004906, 1086740]"
386,"[1119761, 1083787, 1044078, 12302069, 1106523]"
1164,"[1070820, 13654702, 901062, 1098892, 1118332]"
1445,"[6034857, 1029743, 1009361, 1004906, 8090509]"
1479,"[977374, 1029743, 1106523, 1110244, 5591939]"
285,"[899624, 6464147, 1106523, 944534, 844179]"
563,"[1029743, 1075368, 865705, 1105917, 999714]"
1142,"[6602697, 965766, 916122, 878715, 1067695]"
1529,"[1106523, 863885, 13213240, 936117, 12810393]"
2023,"[1003699, 7443278, 852856, 1011457, 860248]"
744,"[1051323, 992529, 6034857, 1098844, 1056509]"
2147,"[1106523, 1098248, 1005274, 933835, 848319]"
2429,"[1106523, 899624, 896757, 1029743, 871756]"
2334,"[1029743, 5568378, 1102416, 906335, 892573]"
1729,"[858999, 894439, 959316, 8015407, 1075368]"
1751,"[1070820, 825365, 882308, 1051323, 906830]"
2462,"[1029743, 901062, 979707, 6034857, 1022254]"
215,"[985999, 6391089, 938300, 8019977, 916993]"
2350,[]
784,"[5569230, 1068719, 1139782, 1008032, 1105917]"
1535,"[1106523, 9884484, 1130458, 844179, 5592931]"
800,"[1130029, 9677236, 9835509, 8090537, 916122]"
1558,"[1030093, 919766, 839438, 866211, 908318]"
484,"[1050851, 1111129, 10198402, 1044759, 1104898]"
377,"[12302069, 1082185, 1029743, 1126899, 880150]"
2065,"[1029743, 852015, 916122, 1068719, 1044078]"
771,"[6034857, 1068719, 916122, 1004906, 933067]"
1159,"[1082185, 6391080, 5572308, 8090532, 1068719]"
604,"[7441668, 6979545, 914577, 1007279, 909714]"
2003,"[5569471, 10344585, 8014645, 963835, 978906]"
27,"[1101589, 1102416, 963686, 883186, 1029252]"
614,"[965766, 1029743, 927508, 982955, 1054539]"
1604,"[832678, 5569230, 1051211, 1106523, 1105301]"
278,"[871514, 891505, 895680, 1133312, 866548]"
1015,"[10455984, 1037332, 1125943, 6979578, 900311]"
672,"[1029743, 983584, 1067606, 899624, 916993]"
87,"[1079528, 955240, 1008820, 6391089, 1059460]"
105,"[1004906, 999858, 948650, 1044078, 1024051]"
8,"[872137, 1105301, 893018, 1106523, 865456]"
211,"[998444, 962229, 832678, 847962, 1006878]"
2267,"[1091901, 1126899, 8019977, 913210, 13512739]"
311,"[10456613, 1106523, 1029743, 8090513, 6034857]"
703,"[901776, 1043751, 5582712, 1041796, 9884484]"
1676,"[1011926, 824305, 998119, 888586, 1026258]"
95,"[1088771, 8090532, 8090521, 1029743, 885863]"
612,"[12132648, 1029743, 871061, 1082454, 839656]"
1941,"[1044078, 947798, 1106523, 1029743, 916122]"
2380,"[1122358, 1029743, 948670, 1039927, 948119]"
1010,"[1076954, 953539, 9527323, 971922, 6463775]"
1188,"[1106523, 1044078, 15926844, 1103105, 883202]"
1105,[]
2048,"[6391137, 1106523, 1070820, 1029743, 937791]"
1376,"[1029743, 8090537, 899624, 1034176, 1027168]"
1391,"[965772, 872137, 852856, 916990, 893018]"
2426,"[1060408, 1044078, 1029743, 1058404, 899624]"
598,"[9553382, 9553048, 1105917, 1004906, 829852]"
840,"[1029743, 1112238, 1038985, 965766, 1135258]"
1113,"[1126899, 845208, 916122, 1004906, 1047076]"
1883,"[8090521, 12695224, 841220, 1082454, 825365]"
1474,"[5568378, 1106523, 933835, 948119, 883932]"
489,"[986912, 1043787, 1138443, 1087102, 1022254]"
104,"[907631, 1098844, 919534, 1029743, 965766]"
1020,"[1070820, 5981267, 10149640, 833724, 899624]"
1837,"[966684, 957736, 979707, 854852, 965842]"
2351,"[916122, 976199, 1004906, 1029743, 957013]"
1719,"[1106523, 5569230, 8090521, 1070820, 1103105]"
1581,"[909714, 6463775, 1029743, 916122, 1106523]"
1856,"[986912, 12810393, 978077, 854405, 1044078]"
1839,"[1070727, 1106523, 889551, 867547, 887526]"
2485,"[12695224, 944249, 1003257, 970605, 8249443]"
956,"[1070820, 12262830, 1022254, 986912, 1057749]"
250,"[9835509, 10149640, 8090537, 1029743, 1056509]"
1942,"[839656, 5585510, 1106523, 5569230, 1104343]"
464,"[1029743, 993638, 1056509, 13877192, 8065410]"
805,"[1029743, 1044188, 899624, 916122, 949023]"
702,"[9835947, 12731432, 865456, 1029743, 899624]"
133,"[869728, 1024319, 899459, 1029743, 872137]"
454,"[1029743, 5569230, 1044078, 899624, 1068719]"
1467,"[1104639, 1029743, 5569327, 986912, 8090539]"
2057,"[9245108, 993638, 1107839, 1101010, 9835619]"
430,"[13987010, 1006483, 1106523, 1070845, 1042571]"
233,"[1029743, 1122568, 976199, 983584, 1131488]"
1707,"[1050851, 986912, 9884484, 6463483, 885697]"
1402,"[1106523, 937292, 976199, 1104343, 6391381]"
2275,"[916122, 844179, 899624, 985999, 10149640]"
1111,"[1082185, 1106523, 854852, 819840, 5569230]"
2340,"[982211, 1075007, 871061, 8090521, 1106523]"
1326,"[1029743, 899624, 871756, 983584, 1044078]"
863,"[916122, 5569135, 1037337, 992529, 928932]"
2084,"[12692328, 6034857, 9652066, 995965, 1070820]"
67,"[971922, 1098844, 1029743, 933835, 899624]"
1621,"[1106523, 933835, 1101010, 1004906, 7147145]"
1952,"[1029743, 944534, 916122, 1106523, 1070702]"
304,"[1029743, 1082185, 1106523, 933067, 957232]"
2169,"[5585510, 901062, 1042571, 1004906, 854852]"
178,"[963686, 1040807, 967461, 827656, 1024319]"
928,"[1006063, 824305, 1046756, 944137, 949294]"
415,"[864893, 1090884, 10457471, 1037840, 872762]"
621,"[1112825, 1107039, 7024871, 7024927, 844179]"
2088,"[1029743, 1082185, 1128016, 919534, 1044078]"
1040,"[1075368, 1126899, 849202, 13072944, 999090]"
1168,"[1055044, 1019637, 983584, 1029743, 916993]"
2272,"[883665, 1082185, 1040807, 827656, 1104343]"
2307,"[883003, 1138443, 1112238, 1098844, 872177]"
1930,"[1051323, 970747, 870547, 12262830, 885697]"
822,[]
1180,"[12456867, 1122358, 1029743, 5587656, 965766]"
1832,"[8293703, 1081533, 1126045, 914753, 906900]"
1298,"[931255, 12695224, 15717057, 1004906, 899624]"
1074,"[1029743, 940947, 951197, 990656, 6514160]"
2208,"[5569230, 1128016, 1106523, 940947, 1106271]"
1627,"[10457590, 880427, 1029743, 1011926, 861184]"
940,"[10456164, 1074040, 12781924, 9803545, 1122180]"
708,"[1102949, 1029743, 845208, 909249, 1129266]"
2406,"[1126899, 1006184, 5569374, 1046587, 893018]"
1418,"[956672, 954778, 1098844, 1008547, 948670]"
1963,[]
1219,"[1029743, 1106523, 1070820, 976199, 5569230]"
2032,[]
706,"[1087102, 933835, 1040807, 1070820, 871611]"
1673,"[1106523, 883932, 948650, 12301100, 863447]"
303,"[1118033, 8090509, 1040807, 822225, 1004906]"
729,"[899624, 909714, 901062, 1024306, 1004906]"
590,"[1139216, 916122, 1075175, 1081177, 944534]"
517,"[878715, 904997, 872137, 1107973, 1116741]"
1775,"[1122568, 1082185, 1126899, 866211, 1098844]"
596,"[1068719, 1106523, 8090521, 1025581, 8090537]"
2247,"[1106523, 1042544, 1022254, 872137, 1065538]"
1066,"[854405, 924352, 944534, 1004906, 835098]"
676,"[1013928, 899624, 1106523, 1044078, 1081177]"
1321,"[9803545, 1075470, 1106523, 1127831, 1044078]"
1759,"[1044078, 1068719, 5590613, 940947, 1111986]"
1961,"[1106523, 1061228, 982790, 1101010, 893018]"
2125,"[1029743, 883003, 925862, 976199, 863885]"
671,"[847434, 1067606, 1029743, 12384953, 1056509]"
460,"[885939, 1004054, 971922, 1040807, 993638]"
2284,"[8014645, 916122, 872137, 1044259, 944836]"
2159,"[5592931, 1091158, 1087411, 7467039, 912280]"
1781,"[1031316, 1037840, 890610, 1128812, 863632]"
325,"[1029743, 976199, 998008, 1013389, 948953]"
134,"[913210, 838186, 1029743, 1051323, 834117]"
661,"[1004596, 13158064, 904359, 997415, 12262978]"
219,"[866211, 1127831, 1132771, 1098844, 1024306]"
1205,"[1029743, 1072086, 833598, 1044078, 13189726]"
2004,"[1055425, 999104, 5568378, 1040807, 819978]"
1684,"[1106523, 1090793, 1021225, 910032, 885697]"
1289,"[1055155, 1029743, 5569230, 903852, 1106523]"
1375,"[6034857, 899624, 1029743, 1082185, 1116741]"
394,"[9677949, 1048068, 901062, 835098, 1137775]"
712,"[1070820, 872137, 1056509, 902172, 963835]"
1917,"[1106523, 896085, 975085, 925694, 829722]"
68,"[1004906, 1029743, 916122, 883932, 1101010]"
1178,"[6464165, 1104343, 849697, 1004906, 916122]"
1947,"[1126899, 10149640, 1040807, 933835, 7462562]"
1548,"[1029743, 875392, 838186, 1134483, 965842]"
1495,"[969866, 1108131, 986912, 981628, 12731621]"
121,"[1004906, 834117, 951190, 1029743, 837304]"
1270,"[1082185, 1106523, 1026118, 899624, 910032]"
1325,"[14106445, 1098844, 1057365, 957013, 6602327]"
1509,"[920091, 1029743, 1042438, 844697, 1016800]"
957,"[1116589, 5592931, 1032703, 1011141, 986912]"
1285,"[1106523, 5569230, 916122, 1035676, 1128240]"
1817,"[1116635, 1020208, 1005274, 925862, 916122]"
2034,"[1126899, 1098844, 1098248, 1080472, 866211]"
58,"[944836, 1098844, 976199, 916122, 1104343]"
1609,"[1082185, 1029743, 1070820, 1137775, 909714]"
1211,"[12262978, 8065410, 15629927, 1000753, 879504]"
915,"[880150, 1128163, 1068719, 844179, 1106523]"
1385,"[1112754, 1059902, 1022254, 1122358, 5568197]"
263,"[910032, 1029743, 1044078, 940947, 9836106]"
1792,"[1075368, 906917, 1089766, 1106523, 5582712]"
946,"[1082185, 1068719, 1004906, 944534, 965766]"
1379,"[1029743, 899624, 5585510, 916122, 840227]"
2497,"[1029743, 1070820, 5590613, 1102207, 857503]"
2312,"[916122, 1082185, 1070820, 979707, 6034857]"
1528,"[1075368, 1029743, 983584, 1044078, 916122]"
2252,"[1082185, 1029743, 1044078, 1104343, 844179]"
876,"[916993, 843418, 916122, 1123106, 839419]"
2190,"[883003, 5568378, 1106523, 993638, 1096635]"
1932,[]
1584,"[1106523, 957736, 1029743, 1028891, 1070272]"
1764,"[1126899, 972665, 1075368, 976199, 945611]"
803,"[969725, 1087753, 1104649, 5569230, 884089]"
641,"[1126899, 1070820, 1104349, 999858, 6034857]"
617,[]
421,"[1029743, 976199, 9803483, 1068719, 972665]"
2386,"[976199, 983584, 1029743, 1104343, 1009187]"
109,"[12731436, 835098, 1046756, 8290421, 862682]"
871,"[1029743, 878715, 5569845, 913210, 979707]"
1816,"[1029743, 8090532, 1070820, 883186, 1043787]"
1451,"[957951, 1070820, 1082185, 1083446, 936117]"
1773,"[916122, 5569471, 913210, 1056509, 834158]"
600,"[1046587, 1029743, 916122, 919766, 1070702]"
287,"[1106523, 1053282, 969866, 1128240, 10204543]"
1650,"[944137, 6034857, 866211, 854754, 1081177]"
1598,"[1044078, 1029743, 916122, 899624, 986912]"
2335,"[1029743, 1106523, 1070820, 5587656, 834396]"
2083,"[1070820, 925862, 990797, 6533681, 976199]"
922,"[1130581, 847207, 1075353, 850768, 12384779]"
694,"[1037840, 883932, 957232, 1106523, 879734]"
252,[]
40,"[1055504, 5585510, 1112205, 913210, 1083043]"
523,"[9803601, 884686, 898121, 6704319, 1077717]"
1536,"[1074754, 1075368, 1029743, 865511, 6034857]"
1291,"[1106523, 851188, 1044078, 1132771, 935578]"
1248,"[1106523, 13158064, 888054, 914753, 865511]"
269,"[1139782, 1131438, 1106523, 1004906, 1009361]"
2297,"[1127758, 12731544, 1079987, 1029743, 7442353]"
1740,"[1074333, 1112238, 1056509, 854754, 1075368]"
420,[]
1267,"[12171656, 1098844, 916122, 1036699, 867931]"
2244,"[1044078, 907631, 1029743, 1108131, 1068719]"
2031,[]
1431,"[1021324, 1013982, 874112, 934399, 998119]"
1058,"[10341855, 1106523, 1129049, 883003, 986912]"
2055,"[987311, 1011926, 980984, 1106523, 958663]"
1575,"[1022254, 901062, 1070820, 1004906, 1110409]"
1343,[]
1192,"[986912, 938554, 905537, 1101932, 901344]"
1916,"[885290, 1068719, 1105917, 965766, 1106523]"
36,"[7409970, 865705, 1029743, 857503, 849578]"
1756,[]
2229,"[880427, 916122, 1127716, 965772, 1002838]"
1508,"[1126899, 871722, 951412, 1122358, 1070820]"
253,"[1044078, 1106523, 5568378, 913210, 1022254]"
1995,"[1029743, 901062, 1044188, 854852, 976199]"
1098,"[8205418, 901062, 5585510, 983584, 10341855]"
1864,"[965842, 979707, 1024306, 1098844, 909714]"
1901,"[1082185, 1013928, 1044078, 854852, 916122]"
1476,"[978879, 1115576, 8090513, 1057749, 907099]"
1197,"[1137775, 1132771, 1029743, 933835, 856252]"
2378,"[916122, 1022254, 1029743, 844179, 12301109]"
52,"[1127831, 857503, 1116020, 865705, 880427]"
381,"[1075368, 1061228, 1037840, 948670, 1087785]"
1919,"[1106523, 917772, 853927, 1026118, 839248]"
1785,"[1126899, 933835, 938512, 976199, 847186]"
1347,"[849202, 957232, 853927, 917033, 867785]"
356,"[834117, 1049735, 1056402, 890610, 6904858]"
1884,"[866211, 854852, 883932, 899624, 983267]"
2122,"[899624, 1106523, 901062, 866211, 1006184]"
2347,"[5569230, 8090521, 1022097, 1029743, 1122358]"
1527,"[1029743, 1082185, 5569471, 5569230, 872137]"
2075,"[899624, 1029743, 1107973, 1043663, 1097849]"
1654,"[9553347, 1029743, 1070820, 13190349, 1071302]"
378,"[916990, 944534, 848783, 948670, 1035676]"
1823,"[1070820, 1082185, 916122, 1098844, 899624]"
825,"[1082185, 913210, 854852, 915493, 910207]"
1506,"[14077333, 1044078, 12301100, 1004906, 952972]"
123,"[1056509, 1029743, 12301405, 916122, 1070702]"
414,"[940947, 1029743, 872066, 826597, 1042544]"
2481,"[1029743, 1132771, 1056509, 865705, 963971]"
19,"[1004906, 5568378, 1029743, 1044078, 999104]"
1556,"[1082185, 948670, 1044078, 1068719, 1041796]"
1590,"[1028891, 944836, 5568378, 6533608, 965766]"
582,"[854852, 1021324, 1082627, 1026118, 1046756]"
1466,[]
1818,"[939681, 906917, 824180, 901976, 896804]"
976,"[1082185, 866211, 902172, 971922, 1127831]"
164,"[1106523, 957736, 1029743, 970605, 1087102]"
88,"[1075368, 893018, 8090521, 888104, 5569327]"
740,"[1051516, 1022254, 899624, 6034857, 976199]"
1206,"[7409618, 1044078, 1132771, 951164, 971922]"
2099,[]
750,"[907631, 1029743, 1106523, 976199, 1110244]"
474,"[1106523, 940731, 866043, 1044078, 1088683]"
2085,"[1029743, 983584, 899624, 1101010, 6034857]"
59,"[852360, 1056509, 957951, 899624, 847962]"
2183,"[1082185, 6034857, 909268, 1098248, 857503]"
2006,"[5569471, 916993, 1041796, 857503, 5574377]"
2269,"[10149640, 12301109, 5568729, 899624, 916122]"
2441,"[1029743, 898121, 885023, 1106523, 1004390]"
49,"[1070820, 5569471, 1139782, 1027168, 1087102]"
2167,[]
1631,"[1029743, 1044078, 844179, 947798, 983584]"
1718,"[1070820, 1055737, 1041796, 1029743, 1037840]"
848,"[826666, 1070820, 1044078, 1041796, 1016709]"
131,"[1075214, 990797, 948670, 6979545, 1044188]"
46,"[1127831, 1098844, 862335, 1029743, 899624]"
817,"[1082185, 1070820, 1092588, 1060408, 8090440]"
1261,"[1055504, 1068291, 866211, 986912, 1055044]"
788,"[1044078, 1108168, 899624, 1135258, 1108131]"
256,"[1111786, 1075368, 5568378, 5569327, 1101706]"
1234,"[8090556, 866211, 854496, 885406, 12810393]"
2447,"[1127831, 1010079, 883186, 1006342, 1124520]"
1844,"[916122, 921243, 883186, 897954, 944836]"
1317,"[5568489, 1029743, 1016298, 7442008, 1138487]"
260,"[899624, 933835, 1004906, 976199, 913210]"
580,"[1118946, 12731544, 966348, 1056509, 1041796]"
1998,"[1106523, 1029743, 5592931, 1068719, 965766]"
714,"[12301109, 1082185, 1126899, 5568378, 899624]"
722,"[830526, 925854, 916122, 1106523, 857503]"
1218,"[1027168, 1070820, 916122, 824180, 862799]"
2007,"[1106523, 1092303, 866211, 1064574, 899624]"
218,"[1097001, 965772, 878715, 1022254, 882190]"
2017,"[1126899, 983584, 1070820, 899019, 1004906]"
28,"[940947, 6533368, 854900, 6533911, 6534881]"
1958,"[899624, 1055504, 1013703, 995478, 6034857]"
2486,"[916122, 8090521, 1029743, 1068719, 12810393]"
1307,"[13654702, 1081177, 1119405, 1080853, 5578547]"
1748,"[1106523, 5590613, 13512017, 1044078, 5981267]"
934,"[1106523, 1068719, 1029743, 899624, 1135258]"
1619,"[1037337, 5563693, 916122, 854852, 841309]"
493,"[936355, 1029743, 5568378, 8090539, 919534]"
879,"[916122, 5569230, 880150, 862682, 6533362]"
1960,"[1044078, 839656, 825343, 831628, 1070820]"
2056,"[1106523, 8090521, 1125123, 1029743, 948670]"
275,"[1106523, 1051516, 918638, 962615, 990797]"
1542,"[957232, 1004906, 935993, 868161, 865456]"
1824,"[1106523, 983584, 1043787, 854852, 6034857]"
373,[]
2421,"[1126899, 885697, 866211, 909714, 7168026]"
6,"[1082185, 1024306, 1098844, 6548453, 1105488]"
1636,[]
658,[]
305,"[6463727, 8090532, 1070898, 885290, 1110244]"
2019,"[899624, 1044078, 1029743, 1037840, 1132771]"
787,"[1079528, 999104, 857538, 971646, 887102]"
2368,[]
1768,"[12946027, 899624, 999858, 1127758, 1029743]"
1483,"[5569230, 861279, 971922, 1070820, 863885]"
516,"[1106523, 899624, 1029743, 1068719, 5568378]"
1923,"[1098844, 1128016, 901062, 854852, 825343]"
503,"[1070820, 8090536, 971983, 1072693, 1127716]"
2233,"[1081177, 1026118, 1055425, 1046756, 1098248]"
867,"[5569230, 1075368, 986912, 983584, 825365]"
1533,"[971474, 1069181, 1070820, 1106523, 1037840]"
630,"[6464147, 1070820, 1106271, 6443350, 880895]"
1316,"[1029743, 919534, 982790, 870547, 1137010]"
1427,"[1029743, 1127328, 957232, 916122, 1075032]"
1021,[]
2188,"[1101010, 933835, 819978, 1106523, 913210]"
1858,"[13213239, 8119101, 916122, 8160262, 1004906]"
1572,"[9835509, 1005274, 1126899, 982755, 915459]"
862,"[5570408, 1103629, 891463, 1004390, 999270]"
2375,"[989069, 883932, 5585510, 1079023, 6034857]"
2091,[]
2387,"[940947, 885290, 848029, 916122, 1106523]"
1062,"[1056509, 1042942, 1029743, 13008334, 901776]"
1114,"[1046555, 1105358, 867785, 1067494, 935824]"
376,"[930666, 1044078, 965766, 896862, 844179]"
1969,"[1029743, 1044078, 873964, 1081177, 8090537]"
317,"[983584, 1029743, 965766, 849870, 879506]"
1338,"[899624, 1106523, 940731, 1014948, 1029743]"
2025,"[894570, 887744, 892503, 1029743, 891061]"
866,"[1082185, 1106523, 983584, 1044078, 844179]"
184,"[896085, 848319, 1108776, 6533936, 1028953]"
1225,"[930666, 937292, 13008334, 896862, 1029743]"
690,"[1037840, 1022254, 976199, 1088771, 1006664]"
842,"[899624, 1029743, 1068719, 916122, 1041796]"
2405,"[936914, 1091383, 1127025, 1053730, 6602697]"
2124,"[1126899, 1106523, 1062002, 8090537, 944836]"
1090,"[916122, 1029743, 944836, 976199, 1044078]"
1664,"[1048208, 871756, 935993, 1044078, 899624]"
200,"[823990, 6533843, 13381483, 5568378, 1126899]"
631,"[6464147, 1114483, 1102845, 1022254, 979707]"
1499,"[14106445, 944486, 1114483, 9655078, 13877192]"
1353,"[1137775, 1068719, 935993, 883003, 824796]"
1588,"[901062, 866211, 6602697, 979707, 9547021]"
1705,"[5592931, 1044078, 987615, 1079482, 1001702]"
222,"[866211, 999779, 993638, 1105488, 878996]"
1501,"[1116741, 1070820, 1082185, 872137, 1098844]"
539,"[1068719, 976199, 878715, 910032, 916122]"
2245,"[6423786, 1044078, 1022254, 1068719, 1004906]"
991,"[5585510, 899624, 9553193, 6034857, 928146]"
1831,"[857503, 1082185, 909268, 1098248, 1051323]"
2110,"[1106523, 1082185, 1029743, 8066803, 854754]"
705,"[1029743, 13654702, 878996, 854852, 1070820]"
2291,"[12523928, 962588, 1032967, 889679, 9885520]"
518,"[6391557, 1072523, 979707, 1090676, 1031087]"
371,"[1022254, 907631, 866211, 844179, 1029743]"
1381,"[914318, 1029743, 1092303, 956672, 838186]"
718,"[1082185, 1029743, 899624, 916122, 5585510]"
1989,"[879734, 7441419, 9676866, 898847, 840227]"
761,"[976199, 1029743, 1106523, 1068719, 1041796]"
1011,"[916122, 944836, 1126899, 985999, 1029743]"
1722,"[12301109, 1126899, 1051516, 901062, 829852]"
1434,"[1075368, 908283, 839419, 1042616, 1068719]"
1922,"[10456963, 1126899, 1091901, 1112238, 1132771]"
510,"[833724, 866211, 1068719, 929018, 944836]"
2492,"[993592, 1106523, 914577, 883003, 986912]"
1081,"[1106523, 899624, 5569230, 908318, 1068719]"
929,"[1134810, 1070820, 1044078, 938319, 986912]"
2310,"[933067, 917816, 965766, 1004906, 948832]"
1927,"[5981074, 5572738, 1106523, 9527159, 1044078]"
1169,"[1038663, 1138443, 883003, 1022254, 929373]"
55,"[1097280, 1106091, 1116589, 1011457, 12949590]"
505,"[1037840, 1032208, 1075368, 1106523, 5568378]"
1187,"[8116306, 1106523, 1022254, 990797, 1044078]"
1274,"[1070820, 8090521, 963835, 879504, 8090537]"
735,"[1082185, 1106523, 1072523, 949023, 1043663]"
1229,"[1136719, 1070820, 14106445, 6034857, 909714]"
251,"[1070820, 1040807, 848029, 933835, 916122]"
1948,"[916993, 6602590, 981103, 891516, 1029743]"
2488,"[972665, 933835, 5569374, 965766, 913210]"
201,"[6034857, 1029743, 838186, 972665, 1138292]"
2108,"[6464126, 1106523, 6533936, 1029743, 1096728]"
731,"[1070820, 1029743, 916990, 5568378, 5592694]"
1808,"[1037840, 976199, 883186, 1029743, 1021225]"
297,"[1029743, 874972, 1044078, 907631, 5568378]"
908,"[1068719, 1022254, 916122, 1029743, 899624]"
526,"[12301100, 834117, 913210, 5569230, 1103618]"
1018,"[1070820, 936355, 1018740, 1075368, 961979]"
615,"[971922, 883003, 976199, 1137775, 12731544]"
1924,"[1132956, 983584, 1029743, 1067695, 1132771]"
2149,"[1114811, 9553193, 13003101, 1082185, 1106523]"
2498,"[1070820, 1106523, 1100379, 1126899, 5577022]"
2126,"[833724, 1043787, 1006063, 1122358, 948495]"
748,"[1106523, 8090509, 1138292, 8090521, 1122358]"
409,"[1098248, 1070820, 979707, 8090513, 999858]"
1742,"[846823, 864335, 1114653, 1098284, 908843]"
69,"[1138443, 1044078, 933067, 1004906, 944137]"
1068,"[1025611, 999779, 1044078, 916122, 896613]"
675,"[12132315, 9836106, 910673, 1022254, 870547]"
2080,"[1122568, 8090521, 919534, 865528, 1004906]"
172,"[891632, 1048746, 5569230, 1075368, 1044500]"
2324,"[10143784, 1029743, 981086, 938118, 865156]"
41,"[9419888, 12262830, 12810393, 1126899, 909714]"
1592,"[6979526, 9884698, 6391134, 1074449, 10201384]"
1829,"[1135044, 1076954, 6424472, 914753, 8203851]"
1461,"[1029743, 1082185, 1070702, 1000753, 1022254]"
1563,"[1106271, 1029743, 899624, 951412, 957951]"
203,"[13910669, 865992, 952806, 891752, 823704]"
2027,"[1029743, 1099905, 944139, 957063, 883068]"
1369,"[985889, 1126899, 845307, 824180, 1011926]"
1161,"[1070820, 866211, 940766, 918676, 1005456]"
2225,"[991874, 872137, 829852, 9483753, 845265]"
2206,"[1029743, 1106523, 999104, 976199, 986912]"
2407,"[1029743, 878442, 899624, 1044078, 976199]"
1800,"[1070845, 1126899, 1070820, 983584, 7025094]"
1023,"[957736, 919423, 963835, 1062002, 936830]"
289,"[858439, 1125497, 1104343, 1079941, 1098248]"
1850,"[1022254, 6034857, 854852, 1070820, 880150]"
944,"[1101010, 1132771, 1127831, 1004906, 979707]"
889,"[833724, 880427, 1082141, 1102067, 1083446]"
898,"[9187298, 972665, 845208, 848319, 1022254]"
1175,"[8066803, 6534573, 914318, 1056005, 1098844]"
312,"[961620, 1135834, 837569, 1068719, 849466]"
365,"[1132771, 1062128, 1082185, 5566309, 1136719]"
2100,"[1082185, 1106523, 1041796, 899459, 1074754]"
795,[]
1102,"[1044078, 865456, 866211, 1086483, 1022254]"
1879,"[1101010, 1132771, 885290, 1040807, 933835]"
2224,"[7139529, 923670, 1038985, 1070820, 1031087]"
1521,[]
2328,"[1106523, 944836, 1082990, 848319, 916122]"
1845,"[1126899, 976199, 823775, 1127831, 986912]"
2115,"[1070820, 951197, 965766, 5569471, 1027168]"
398,"[1022097, 1029743, 5981072, 871513, 1129049]"
513,"[5569471, 1034176, 844179, 1018740, 865026]"
2451,"[1076580, 8177622, 854754, 1126899, 1117514]"
482,[]
1306,"[12301839, 1029743, 1068719, 1067779, 1039627]"
786,"[5569230, 1106523, 972665, 878715, 989069]"
1272,"[916122, 6602697, 1070845, 856252, 974766]"
1975,"[883003, 1138443, 1087102, 976199, 5568729]"
941,"[9677236, 5567702, 6464166, 1103105, 5569374]"
2427,"[908318, 856252, 1105917, 1034955, 866211]"
2259,[]
1645,[]
1970,"[1072086, 7147145, 1013928, 918046, 1043920]"
1146,"[1029743, 1098844, 889509, 933067, 1096635]"
1982,"[1082185, 1121384, 1080472, 912451, 859427]"
1600,"[987615, 1108131, 1048185, 986912, 832678]"
1807,"[1044078, 1098844, 916122, 1098248, 885863]"
214,"[1133101, 1055425, 999104, 830790, 6979526]"
986,"[8090440, 1116635, 5572220, 1134143, 5567292]"
1595,"[1137775, 971922, 933835, 986912, 1131438]"
2266,"[12946027, 6602697, 866211, 1026118, 1104343]"
1849,"[1029743, 1089954, 1040416, 1056509, 899459]"
1191,"[890695, 5569230, 865528, 999104, 916122]"
1612,"[901062, 1126899, 1070820, 854852, 6034857]"
328,"[9835509, 1070820, 885290, 940947, 878996]"
2082,"[848319, 899624, 916122, 832678, 970747]"
349,"[844179, 976199, 1029743, 916122, 824305]"
374,"[1029743, 1081177, 910032, 1108094, 1026118]"
1835,"[9420067, 1044259, 883003, 933835, 945662]"
1080,"[12384775, 899624, 8090537, 1068719, 1106523]"
1304,"[15926725, 871611, 1029743, 1106523, 1129609]"
636,"[5590613, 1029743, 5981074, 5592610, 5592931]"
2062,"[1022254, 1029743, 12695224, 1026118, 832678]"
1256,"[7115628, 979707, 944836, 1000542, 976293]"
1981,"[1122358, 1126899, 1106523, 1082212, 961747]"
56,"[9655212, 9803545, 832678, 963835, 5569230]"
1138,"[15926886, 1015539, 957951, 941515, 5568721]"
1158,"[1049735, 9836106, 8090521, 1044078, 1106523]"
2400,"[1082185, 907631, 1106523, 916122, 1044078]"
864,"[8090513, 8090521, 899624, 1101010, 1029743]"
1223,"[930283, 5569230, 862799, 999198, 891505]"
644,"[1005274, 1027168, 821200, 9297062, 834117]"
1428,"[1029743, 1068719, 913210, 839419, 899624]"
964,"[1106523, 1044188, 1051211, 1029743, 8090537]"
875,"[1115187, 1106523, 13910163, 1029743, 971983]"
983,"[1075368, 5568378, 965766, 834117, 1044078]"
2478,"[902820, 965766, 979707, 902172, 1137775]"
989,"[899624, 1029743, 916122, 8090509, 1122358]"
1390,"[976199, 5569230, 937292, 1029743, 895680]"
766,"[901062, 916990, 1098844, 1026118, 848319]"
1936,"[1029743, 1138443, 844179, 971922, 1068719]"
1798,"[1093571, 916122, 866211, 970605, 1029743]"
1356,"[1102829, 1070820, 5569230, 924611, 994894]"
1732,"[1029743, 976199, 959316, 833724, 7410201]"
1359,"[6463742, 1029743, 893018, 916122, 883003]"
334,"[5569230, 9526572, 1005274, 1139569, 9575582]"
953,"[1029743, 877310, 870547, 851528, 854405]"
1514,"[1126899, 995965, 906335, 1006184, 857348]"
633,"[12988031, 1075368, 833940, 8090537, 1029743]"
209,"[1132771, 1022254, 1068719, 899624, 845208]"
127,"[6463752, 7441419, 865456, 1106523, 1075368]"
221,"[1130452, 6424460, 15926886, 6424464, 888004]"
998,"[899624, 1082185, 1037840, 1068719, 1000753]"
2376,"[837644, 1057168, 7168026, 9296919, 1029743]"
230,"[1044078, 1029743, 913210, 1004906, 844179]"
412,"[1076199, 1005274, 993638, 995628, 974156]"
1290,"[1081177, 916122, 1044078, 1029743, 1135258]"
709,"[1075368, 12810393, 5585510, 1106523, 1123022]"
2217,"[1022254, 6424471, 995478, 1003649, 944486]"
967,[]
2011,"[1006184, 973086, 916487, 999563, 827079]"
468,"[1106523, 1082185, 1098284, 9676866, 1122358]"
911,"[10344585, 979707, 901062, 5563693, 1024306]"
1419,"[1019637, 1106523, 5568378, 993638, 842264]"
294,"[9245108, 1106523, 983584, 838186, 1088683]"
1190,"[12810393, 928263, 8090521, 1116635, 1075214]"
2343,"[1087102, 1029743, 916122, 6534480, 857503]"
605,"[948670, 890695, 13133916, 965772, 1055425]"
2168,"[8090521, 1044078, 844179, 1120928, 1128240]"
2243,"[848029, 1008032, 899624, 13072850, 906026]"
2005,"[951590, 1068719, 1029743, 1013868, 999104]"
2418,"[1072693, 9245108, 1029743, 1044078, 943076]"
2087,"[916993, 1029743, 1137688, 8090521, 6034857]"
1672,"[1044078, 1029743, 1096066, 5592931, 1014948]"
346,"[12731685, 1029743, 1101010, 835098, 819978]"
1346,"[866211, 1029743, 1106523, 899624, 916122]"
1076,"[1089954, 999714, 1075368, 865456, 1036347]"
2049,"[956672, 895327, 1097237, 846417, 5569327]"
302,"[10344586, 892531, 857540, 934948, 1115175]"
462,"[1137775, 1105917, 999858, 1011926, 1045586]"
1296,"[1007279, 901062, 935578, 880150, 999858]"
2064,"[1081177, 1006483, 1075368, 951412, 854754]"
307,"[1065259, 1074040, 1019637, 933835, 899624]"
968,"[1029743, 916122, 965766, 5569327, 983584]"
85,"[1067695, 1075368, 5567702, 5568447, 1139782]"
937,"[1126899, 1134810, 6034857, 995965, 1021116]"
2453,"[1070820, 976199, 6391381, 1136719, 1106271]"
2114,"[986912, 933835, 885290, 1002771, 995965]"
726,[]
2349,"[1070820, 836085, 1116741, 1111129, 829852]"
2438,"[8090556, 919766, 892048, 916122, 938381]"
1507,"[1043751, 13841744, 866211, 936355, 899624]"
2008,"[1126899, 936830, 865511, 5570383, 913210]"
2455,"[1029743, 844179, 1131321, 849202, 1137775]"
720,"[1115069, 5568758, 895268, 1056212, 1055504]"
1230,"[1106523, 872137, 907631, 832678, 893018]"
400,"[1029743, 8090536, 1056509, 913210, 5567702]"
1569,[]
2466,"[1029743, 936914, 1006184, 885290, 995628]"
97,"[835618, 1075368, 6034857, 896862, 999270]"
1337,"[983584, 1029743, 5569230, 923670, 1068719]"
637,"[926905, 1106523, 979707, 1037840, 1103105]"
2416,"[1098844, 849697, 899624, 910473, 6633210]"
2448,"[1106523, 835098, 993638, 1004906, 1054402]"
2133,"[866548, 1075007, 866211, 1126899, 1019247]"
575,"[1106523, 1049735, 1000237, 890610, 1048257]"
2374,"[1070820, 1070702, 933835, 901062, 1041796]"
2207,"[916122, 911311, 965766, 885290, 6034857]"
2203,"[957951, 954966, 838186, 913210, 834117]"
282,"[979707, 957736, 1123022, 5571261, 6464074]"
290,"[9835223, 12731621, 1012587, 907631, 1013928]"
1409,"[12810393, 1116050, 1042438, 12731714, 893018]"
1826,"[1029743, 9884698, 1072523, 929018, 892573]"
2163,"[1016274, 859987, 9338009, 983584, 999104]"
1354,"[1081533, 12648296, 1126045, 9527159, 1102845]"
450,"[863762, 8015407, 933835, 916122, 9828865]"
520,"[8090537, 913210, 1104343, 903350, 1106523]"
1351,"[1029743, 1038985, 1001475, 1043751, 1048373]"
1622,"[8205418, 1029743, 1031864, 1062002, 928123]"
1106,"[1106523, 12757316, 1029743, 893018, 1037840]"
1135,"[1029743, 1106523, 1070820, 5568378, 893018]"
362,"[1128395, 12731714, 1126045, 986912, 890610]"
1293,"[1044078, 1004906, 12302069, 12731544, 934639]"
2431,"[916122, 1044078, 934639, 835300, 917816]"
1710,"[1082185, 8090440, 1029743, 820301, 1106523]"
1940,"[1026118, 947326, 836085, 971983, 908575]"
1939,"[926905, 1068719, 896085, 1016800, 1044078]"
979,"[1029743, 1082185, 899624, 888586, 8066803]"
1608,[]
947,"[12731544, 1013259, 1075283, 1085778, 1041796]"
1953,"[1050851, 993638, 986912, 916122, 14106445]"
110,"[871756, 1044078, 1022254, 1106523, 1068719]"
893,"[1106523, 872137, 925862, 1106116, 957232]"
1421,"[1087102, 1043751, 1029743, 899624, 8090521]"
1440,"[1056509, 1106523, 916122, 844179, 1029743]"
1094,"[1029743, 1051323, 933835, 1059902, 899624]"
674,"[1122358, 8273833, 1004906, 1029743, 940766]"
157,"[949294, 824180, 863632, 913210, 838186]"
2105,[]
1623,"[1106523, 1068719, 1044078, 883932, 948832]"
2204,"[1044078, 871756, 820923, 865026, 1004906]"
2439,"[1029743, 1070820, 1022254, 992529, 899624]"
1314,"[1029743, 1102416, 976199, 1050741, 1138423]"
1778,"[1029743, 1004906, 837644, 9245106, 825343]"
1012,"[8090440, 986912, 901062, 1070820, 1137775]"
224,"[899624, 1029743, 850925, 1056005, 841220]"
2156,"[1122358, 1029743, 913210, 8090537, 1054262]"
951,"[1029743, 823704, 940947, 896292, 976199]"
92,"[12946027, 871061, 845208, 873847, 1104343]"
826,"[961620, 12384431, 1037840, 986869, 1030093]"
2449,"[979707, 1126899, 1041796, 1029743, 1098844]"
1543,"[1124029, 1043494, 819255, 1029743, 1096573]"
1663,"[1029743, 8292955, 1070820, 1092118, 9553042]"
1352,"[6602697, 10149640, 1116050, 14106445, 1004906]"
2458,"[1127831, 1126899, 965842, 899624, 901062]"
1490,"[12262830, 916122, 8290421, 1068292, 9297062]"
743,"[866211, 12810393, 1068292, 1044078, 12384775]"
2262,"[6773232, 1019247, 1122358, 13095350, 893018]"
521,"[1056212, 8090440, 823862, 1036699, 1130729]"
2296,"[1029743, 907631, 913210, 933835, 1068719]"
367,"[1070820, 1031864, 833724, 9524291, 1068719]"
567,"[1044078, 986912, 844179, 1089766, 1106523]"
1943,"[1029743, 7152455, 7147142, 930385, 1044188]"
906,"[1082185, 860703, 911974, 1137507, 1048237]"
1008,"[910473, 1029743, 1106523, 1072968, 10341234]"
1492,"[1029743, 1108131, 12731517, 6904786, 934427]"
1843,"[1029743, 870165, 5568378, 1122358, 1070820]"
99,"[1029743, 6034857, 5590613, 1098248, 916993]"
1988,"[1106523, 5592931, 974265, 850102, 1124695]"
2170,"[1013928, 863762, 1106523, 1068719, 7441498]"
1754,"[5585510, 992529, 933067, 1029743, 831628]"
755,"[1100972, 10149640, 1137775, 1138443, 7168890]"
653,"[1037840, 1056509, 5569230, 1004906, 5569471]"
1019,"[1106523, 1043663, 5567325, 1029743, 1122358]"
577,"[885697, 827656, 1056509, 1029743, 1110244]"
1545,"[1106523, 882247, 9835947, 9836195, 1131438]"
2109,"[1078100, 893018, 8065410, 999270, 1041796]"
2271,[]
114,"[5568489, 948670, 7025203, 10344585, 1029743]"
1971,"[1029743, 1070820, 899624, 875392, 1014509]"
1911,"[1044078, 844179, 868430, 916122, 966348]"
913,"[994223, 834117, 1070820, 1093490, 910109]"
914,"[1029743, 1064002, 1026946, 898121, 979707]"
1987,"[1407216, 1101010, 852856, 1106523, 1271704]"
22,"[13115981, 1082185, 1104349, 1070820, 944836]"
78,"[1082185, 835098, 1039627, 6773232, 1067779]"
2142,"[1029743, 6632283, 913210, 5568729, 6704207]"
2137,"[968072, 1067779, 945909, 961979, 871611]"
542,"[1106523, 1050851, 824796, 1068719, 1082990]"
692,"[1092669, 9836526, 1135834, 972416, 1004436]"
1876,[]
562,"[852856, 957951, 1115069, 1029743, 854405]"
57,"[986912, 7139529, 997700, 1065871, 1105917]"
752,"[1100972, 834117, 12810422, 1123022, 1082212]"
1774,"[8090521, 902172, 8090537, 1029743, 990797]"
2094,"[1082185, 1070820, 5569374, 6463775, 6034857]"
806,"[1082185, 5572308, 5569471, 8090536, 5592610]"
2342,"[12262830, 1029743, 1016800, 901062, 990797]"
673,"[6533182, 906838, 1080784, 845914, 868909]"
1686,"[1017325, 953539, 986912, 1008074, 1043751]"
789,"[9575315, 922561, 899624, 1101010, 986912]"
2336,"[1029743, 5568378, 916122, 844179, 13115579]"
1685,"[1029743, 1005274, 888054, 981086, 7409970]"
533,"[899624, 1038663, 1029743, 866211, 12695224]"
1121,"[5569230, 1029743, 890695, 1092937, 1070820]"
936,"[1029743, 1106523, 983584, 9677236, 961979]"
1577,"[1029743, 8273950, 969725, 866211, 997796]"
2366,"[948670, 1044078, 1012701, 886996, 1006184]"
632,"[1029743, 916122, 1082185, 1004906, 1070820]"
458,"[5569230, 12810391, 828588, 916993, 8090521]"
2446,"[1044259, 941368, 963868, 938118, 1087102]"
193,"[8090537, 990797, 1125199, 1029743, 1104205]"
1450,"[845208, 979707, 899624, 1106523, 12302069]"
2389,"[1029743, 12946027, 930666, 1004906, 937736]"
1709,"[7166861, 1036939, 7462562, 5569374, 1029743]"
1471,"[899624, 1029743, 913210, 1068719, 986912]"
80,"[844179, 1055504, 959179, 866211, 835098]"
1760,"[15630094, 1029743, 1004906, 983584, 906838]"
1481,"[1055425, 834158, 885290, 944836, 965766]"
361,"[1044078, 1106523, 1101010, 865456, 883932]"
813,"[883932, 896862, 1050851, 832513, 951412]"
1082,"[1051626, 1106523, 5568378, 910473, 1044078]"
31,"[1040807, 1062128, 1004906, 901062, 864279]"
2226,"[1112238, 878996, 1126899, 1110409, 970866]"
961,"[1082185, 1029743, 1070820, 956672, 844697]"
479,"[896862, 893018, 907631, 910032, 978077]"
960,"[6979437, 1030406, 944018, 833273, 832768]"
2337,"[1064213, 1067695, 1106523, 1082185, 1015539]"
1336,"[916122, 896862, 883003, 823704, 857503]"
1797,"[1031087, 862799, 829621, 996009, 1112825]"
1591,"[1070820, 896085, 890695, 854852, 907631]"
2470,"[1122536, 1007279, 909714, 854852, 9677056]"
654,"[937413, 864893, 1104414, 940766, 1124695]"
1154,"[1089025, 1106523, 7152455, 1001333, 934427]"
2029,"[9523059, 1091926, 892728, 1029743, 992529]"
1266,"[899624, 8203851, 12810391, 863447, 13002864]"
647,"[8090537, 8090536, 1043751, 1029743, 1040807]"
1513,"[916122, 1029743, 1044078, 12262830, 968072]"
799,"[5565447, 1085357, 1126899, 873056, 9487885]"
985,"[1029743, 1040807, 999858, 971922, 1055504]"
158,"[997423, 12731714, 1100869, 1025641, 1135258]"
2465,"[986912, 10344585, 997700, 993379, 980246]"
730,"[1126899, 1101744, 971983, 960732, 1043494]"
240,[]
824,"[1106523, 1086061, 1029743, 873056, 963971]"
2131,"[1022254, 986912, 878285, 838186, 863447]"
459,"[863762, 901062, 885290, 899624, 976199]"
996,"[845208, 1040807, 1101010, 15831255, 1043751]"
1271,"[1105488, 1029743, 899624, 878996, 835098]"
2300,"[10344585, 12301100, 1029743, 999104, 5568729]"
2281,"[6534077, 13213082, 6034857, 1126899, 5569230]"
883,"[1082185, 950638, 9524291, 916122, 857503]"
1723,"[6979393, 870559, 922561, 1098844, 1040807]"
2212,[]
266,"[13133916, 1126899, 854405, 1104349, 972191]"
1057,"[1117219, 8119304, 892531, 916990, 1079528]"
846,"[829291, 837865, 1029743, 890695, 1004906]"
1788,"[909714, 823775, 1029743, 1092303, 6391381]"
1130,"[1044078, 1137775, 1093413, 12731544, 899624]"
153,"[1006063, 897954, 981103, 983584, 1106523]"
1364,"[999250, 1029743, 933835, 1135834, 1070820]"
719,"[933835, 1040807, 895930, 819978, 1026946]"
1117,"[1081177, 1068719, 1106523, 854852, 1067606]"
2257,"[1126465, 1104349, 1106523, 1106116, 1116376]"
1599,"[1022254, 999779, 1004906, 1068719, 1013928]"
2123,"[832678, 957232, 5569230, 899624, 1076199]"
122,"[1086119, 940947, 1116635, 1118264, 862799]"
84,"[829722, 5569374, 903529, 920025, 1004906]"
306,"[6534480, 913210, 8065410, 1104343, 899459]"
2129,"[1029743, 1050851, 12810393, 1014948, 981086]"
1224,"[969866, 1072523, 1135258, 1050851, 944534]"
1120,"[896613, 1029743, 1044078, 951190, 1091383]"
1872,"[891423, 1055504, 1102416, 999104, 860248]"
351,"[8020166, 861279, 1082185, 1106523, 865456]"
1955,"[1082185, 916122, 1050851, 1063739, 1004906]"
895,"[7024847, 14050366, 868888, 866211, 999104]"
1473,"[1098844, 1126899, 1104343, 866211, 5568729]"
773,"[835973, 909714, 1106523, 948086, 938300]"
235,"[983584, 1070820, 1062128, 976199, 986912]"
63,"[897733, 872342, 1062572, 9858920, 834117]"
441,"[1038985, 12810393, 844697, 1124971, 6533681]"
1246,"[1126899, 1108094, 966684, 964521, 985866]"
1245,"[819308, 992529, 834117, 950206, 936117]"
2,"[899624, 916122, 1106523, 901062, 990797]"
2393,"[6391089, 863447, 1085435, 995965, 903800]"
156,"[911311, 1016800, 1043494, 1075368, 1043751]"
1920,"[1137688, 833724, 1019643, 1118306, 829323]"
2186,"[1044078, 1106523, 944534, 1075368, 899624]"
798,"[13841744, 9655679, 1126899, 6534030, 1029743]"
1630,"[990869, 1106523, 865026, 1098284, 1135834]"
1752,"[1106523, 865456, 1068719, 907631, 1022254]"
1703,"[5590695, 1106523, 5566800, 5592931, 1098435]"
467,"[1106523, 913210, 865456, 1026118, 951412]"
578,"[847207, 942166, 865705, 13007355, 935578]"
1050,"[13877192, 863447, 1106523, 899624, 1044078]"
195,"[1062002, 7167836, 1062128, 1029743, 909268]"
757,"[943892, 9368337, 1058243, 6703964, 947201]"
1857,"[1029743, 1009368, 1092885, 925364, 891423]"
1452,"[9368289, 1013928, 1106523, 1029743, 837495]"
2016,[]
1900,"[1132771, 872137, 1070820, 1087102, 940947]"
2039,[]
115,"[983584, 12648296, 1018007, 910032, 832678]"
935,[]
2377,"[899624, 986912, 866211, 880150, 901062]"
1078,"[1026118, 878996, 1126899, 1106523, 1082185]"
869,"[834962, 5592931, 826842, 8019216, 5565612]"
142,"[1013826, 990797, 1082212, 944588, 13877192]"
1607,"[986912, 1126899, 1106523, 7025202, 13776705]"
2077,"[1106523, 6391381, 896613, 6463742, 12731467]"
1812,"[1075282, 1005935, 1037863, 852014, 842707]"
807,"[965530, 6034857, 838186, 1029743, 858999]"
1880,"[1037840, 1075368, 7409951, 8291322, 1106523]"
554,"[1106523, 867785, 824180, 1072086, 946839]"
1480,"[1029743, 976199, 965766, 1068719, 1042438]"
2361,"[12811532, 1126899, 1029313, 865511, 902172]"
852,"[1126899, 1070820, 1106523, 1005274, 1011926]"
199,"[13842100, 1132771, 1082212, 9553382, 1135195]"
24,"[9835619, 870547, 1106523, 1016800, 926905]"
1999,"[986912, 1131344, 871756, 883932, 1125530]"
369,"[12301109, 896613, 1068292, 934639, 1038745]"
1793,[]
652,"[1121059, 832678, 1051211, 890610, 1065061]"
1399,"[1093571, 5580801, 9673830, 988275, 6034857]"
2046,"[890694, 6704088, 13039978, 995505, 1028953]"
1014,"[976199, 1068719, 1104343, 1029743, 948670]"
1731,"[1109778, 1126899, 12757140, 1068719, 7024871]"
1395,"[1126899, 940947, 951590, 1106523, 6533608]"
1186,"[1098844, 1094924, 14106445, 1057102, 903800]"
2047,"[933835, 8090537, 825343, 883003, 1131438]"
2010,"[948832, 1029743, 866540, 1053730, 857130]"
556,[]
226,"[1106523, 957232, 899624, 933067, 937292]"
1549,"[986912, 985071, 1051516, 1122358, 8203851]"
1413,"[1029743, 1044078, 976199, 1068719, 965766]"
887,"[957232, 950894, 5585510, 880150, 830887]"
973,"[944836, 866211, 12731436, 921406, 978851]"
1633,"[1029743, 1101010, 1028891, 1098844, 1093413]"
1692,"[1029743, 1001702, 9527417, 1094308, 1044188]"
2345,"[1106523, 8090521, 965766, 5569230, 983584]"
103,"[1106523, 1029743, 1122358, 1056775, 1079228]"
2036,"[1126899, 1024306, 12731436, 1060408, 878996]"
329,"[854852, 944836, 1127831, 901062, 934369]"
236,"[827999, 1014948, 1126899, 1104343, 906838]"
868,"[9884484, 834117, 1022097, 912704, 913210]"
776,"[1082185, 907631, 1043971, 851188, 1068292]"
1873,"[12810393, 1106523, 1044078, 1101010, 962229]"
332,"[1044078, 1070820, 1056267, 6034648, 9245106]"
202,"[1029743, 962229, 1106523, 983584, 1055168]"
2290,"[827656, 883003, 1037840, 1101010, 1043751]"
2392,"[1068719, 5568378, 965766, 895166, 1009368]"
2425,"[1042616, 1070820, 1029743, 1105917, 936914]"
1332,"[1062128, 13071902, 954110, 996028, 986912]"
931,"[1126899, 1068719, 1029743, 1041796, 866043]"
1517,"[1070820, 1082185, 910032, 5569471, 1044078]"
1210,"[1070820, 1106523, 1029743, 1118033, 6463752]"
685,"[1097398, 863447, 1015539, 1004906, 1044078]"
1300,"[1106523, 1044078, 853448, 1126899, 1128240]"
1726,"[9829205, 963835, 6391381, 866211, 872137]"
816,"[13213475, 1075368, 901062, 1054539, 6979578]"
2141,"[5569327, 1070820, 933835, 971922, 844462]"
959,"[1029272, 10455984, 13654702, 1047076, 1082485]"
2068,"[1070820, 1004906, 1086061, 1081177, 6034857]"
1716,"[12302069, 944486, 1013928, 1062128, 832678]"
1255,"[7152455, 856252, 1086740, 1021715, 910032]"
796,"[969866, 1029743, 1022254, 976199, 1044078]"
650,[]
1043,[]
1814,"[43020, 1037840, 868430, 827911, 865705]"
75,"[5569845, 5569374, 5569230, 5569471, 834117]"
2200,"[916122, 6773232, 844179, 9487885, 9296919]"
65,"[965766, 1070820, 986912, 1029743, 902172]"
387,"[1126899, 916122, 854852, 1009719, 1103105]"
1374,"[1004906, 944534, 871611, 880150, 1068292]"
10,[]
2095,"[1068719, 5569135, 986912, 933067, 933835]"
25,"[12949590, 5568378, 1075786, 1029743, 1041796]"
764,"[1029743, 878996, 965766, 1106523, 6391134]"
1133,"[1098844, 1029743, 1055504, 916122, 1106523]"
469,"[849202, 1098248, 1098435, 901062, 6548453]"
1269,"[899624, 908318, 940947, 1040807, 959316]"
1443,"[906844, 1130397, 958891, 1057168, 958663]"
2381,"[916122, 890695, 906646, 1131344, 986912]"
583,"[8090521, 12302069, 1042544, 1037840, 12301109]"
745,"[854852, 1022254, 1109014, 8069350, 901062]"
380,"[1106523, 965766, 5569230, 899624, 1082185]"
574,"[1029743, 1083446, 826952, 978906, 989069]"
829,"[1029743, 1137775, 1018740, 933835, 1101010]"
790,"[7410320, 1043494, 9297310, 5569230, 1100273]"
2395,"[5569230, 949294, 1029743, 993638, 825731]"
1950,"[1081177, 1106523, 1029743, 1131321, 921504]"
2182,"[43020, 990055, 41332, 244960, 841287]"
405,"[1101010, 1087102, 948670, 899624, 916122]"
2289,"[10344585, 10285017, 984680, 1029743, 913210]"
1430,"[1137775, 1126899, 5569230, 1093413, 1132771]"
2424,"[6034857, 916993, 1029743, 1072693, 870547]"
2372,"[1029743, 8090532, 982469, 1037840, 957063]"
527,"[12987976, 1011926, 1131321, 1046584, 12988031]"
1677,"[965766, 1029743, 8090521, 9835509, 5568378]"
881,[]
174,[]
1546,"[1132771, 907631, 965766, 1029743, 1013928]"
205,"[5569230, 1082185, 1026118, 910032, 1106523]"
859,"[1075368, 5569230, 832678, 13841744, 1042438]"
1423,"[13008334, 13007435, 5981267, 1082185, 1029743]"
1045,"[1029743, 834117, 985893, 1043663, 913210]"
1540,"[10204440, 838186, 933835, 8015407, 5568378]"
1525,"[12301839, 1029743, 845208, 899624, 1068719]"
1567,"[1084036, 1082185, 934639, 8015407, 910032]"
1701,[]
667,"[1072523, 1104343, 1044078, 1106523, 1029743]"
2298,"[12301100, 910032, 856252, 871756, 916122]"
1249,"[1106523, 854405, 916122, 832678, 12810393]"
1576,"[1029743, 976199, 1068719, 916122, 1070702]"
98,"[1091858, 1086352, 1042544, 847241, 1117556]"
2270,"[1044078, 892500, 922561, 1001277, 933835]"
655,"[1044078, 833940, 999858, 1029743, 916122]"
1077,"[891632, 951590, 1029743, 879504, 893018]"
1176,[]
1238,[]
322,"[1070820, 901062, 976199, 904833, 923789]"
1470,"[1029743, 1063739, 1070820, 1126899, 986912]"
1906,"[12810422, 871633, 968072, 1070702, 844179]"
417,"[1082185, 903800, 12301109, 6464147, 976199]"
1303,"[1029743, 976199, 8090521, 1067749, 8090539]"
1815,"[1029743, 899624, 6034857, 1009368, 938118]"
1284,"[6463729, 15926886, 899624, 1129322, 1044078]"
878,"[985893, 838186, 846823, 1131344, 947798]"
1282,"[899624, 1108131, 5585510, 1068719, 1044078]"
449,"[1063907, 1009719, 5569230, 9858920, 1034176]"
2293,"[1082185, 1118120, 1082688, 8293805, 1070820]"
587,"[965766, 976199, 872137, 983584, 999104]"
952,"[1075368, 1029743, 1037840, 998119, 892531]"
1283,"[995965, 988697, 1004906, 940947, 5568845]"
1247,"[1138631, 1082454, 1029743, 899624, 1126899]"
1335,"[835973, 10306692, 986218, 1010681, 836286]"
1945,"[1011920, 1029743, 1006878, 1115175, 1017127]"
347,[]
897,"[1082955, 928263, 1079528, 5569374, 7410201]"
2020,"[1132771, 1093413, 1029743, 1068719, 6602697]"
1847,"[830503, 1070820, 12731432, 5569230, 825118]"
1848,"[1135834, 986912, 894439, 892573, 908283]"
1464,"[1100972, 916122, 973916, 870547, 6034857]"
540,"[12384779, 1000237, 916122, 1068719, 1047769]"
1836,"[1053247, 1054402, 1023160, 1057102, 879008]"
1088,"[1045478, 1077600, 832678, 997011, 1051211]"
2158,"[929341, 926033, 1116770, 868888, 837644]"
434,"[1068292, 1046587, 837751, 829950, 895166]"
14,"[1127758, 1029743, 5569327, 965766, 1009187]"
831,"[916122, 957736, 1069003, 890695, 999714]"
2314,"[985999, 906183, 1048257, 854852, 1109014]"
660,"[904236, 1126899, 916122, 1043787, 1125199]"
1027,"[1126899, 1132771, 862799, 899624, 922561]"
1241,[]
413,"[970160, 986912, 1082185, 1106523, 1098844]"
2059,[]
2193,"[1070820, 8090537, 979707, 965766, 913210]"
1642,"[916122, 1106523, 970160, 845208, 1004906]"
1185,"[1106523, 1029743, 1059902, 5568378, 845208]"
1914,"[9802981, 894439, 862010, 1043787, 892573]"
1559,"[904236, 838186, 1026945, 908318, 849202]"
700,"[1044078, 835300, 1070702, 874972, 1109981]"
271,"[1137775, 986912, 1132771, 1040807, 1018740]"
2012,"[1106523, 916122, 1070702, 5568378, 6633224]"
2196,"[1029743, 1106523, 1022254, 999104, 901062]"
2261,"[1122358, 983584, 1106523, 926905, 1044078]"
2494,"[1004906, 1033769, 1094308, 969568, 1070820]"
808,"[1100972, 1029743, 986912, 992151, 1068719]"
491,"[1055504, 6533936, 1006184, 1056509, 976199]"
1387,"[9297062, 5568732, 944534, 899624, 854133]"
395,"[957951, 986912, 906844, 1029743, 885863]"
136,"[8090537, 1106523, 8090521, 865511, 8090509]"
2440,"[9297194, 1092937, 874972, 5580801, 1103629]"
141,[]
2213,"[830526, 1070820, 1125497, 879280, 1126899]"
2302,"[954110, 1004906, 1029743, 1044078, 1106523]"
2344,"[839438, 933835, 862799, 959316, 1056509]"
648,"[839419, 899624, 1026118, 945662, 854852]"
185,"[838186, 839243, 933067, 830503, 896862]"
1097,"[838186, 8090440, 981677, 982469, 8181451]"
94,"[976199, 1029743, 1004906, 983584, 1065979]"
586,"[1029743, 865456, 906335, 910032, 1004906]"
1134,"[1070820, 901062, 1055504, 948670, 1042571]"
487,"[5568378, 1029743, 899624, 976199, 1068719]"
543,"[820486, 879734, 989409, 8090521, 1134821]"
733,"[5569471, 5566472, 870390, 899624, 866211]"
188,"[1106523, 868909, 965766, 904236, 822161]"
1007,"[944486, 822259, 943892, 875538, 899624]"
82,"[847573, 1084036, 849202, 880150, 916122]"
1737,"[916122, 901062, 1029743, 976199, 1004906]"
51,"[1028995, 965766, 880427, 883202, 1070272]"
2038,"[858730, 961730, 1072438, 852856, 933835]"
2221,"[1120261, 7410320, 7410321, 6533368, 1126899]"
1758,"[1126899, 899624, 1132771, 1138443, 1055504]"
2111,"[1070820, 12731432, 12810391, 944836, 1051323]"
1990,"[13007846, 13987221, 1029743, 1126899, 856942]"
192,"[5569230, 13877192, 1082212, 1029743, 9835509]"
1520,"[1029743, 899624, 15926844, 5577022, 1103691]"
1968,"[1122358, 1090676, 1029743, 1082212, 1005274]"
2331,"[1029743, 1044078, 933835, 854405, 925364]"
1494,"[1068719, 1044078, 899624, 836445, 1004390]"
364,[]
1925,"[901062, 989830, 12262832, 1106523, 1029743]"
857,"[10149640, 5569230, 1040807, 1055155, 8090537]"
273,"[1106523, 6534480, 1043663, 856818, 930283]"
1511,"[1106523, 1029743, 907631, 5569230, 983584]"
2139,"[1100972, 1068719, 1135834, 5568378, 852856]"
384,"[854405, 1065538, 1004906, 1126899, 5569471]"
1665,"[1037631, 1029743, 1083787, 982790, 1040222]"
198,"[899624, 1106523, 1029743, 1068719, 1012587]"
624,"[12302069, 1106523, 899624, 1044078, 5592931]"
1217,"[1075368, 1029743, 1004906, 916122, 866211]"
1312,[]
276,"[825317, 944534, 12810391, 904997, 1029743]"
1611,"[910473, 906838, 1037840, 8181555, 998445]"
1865,"[1098435, 833724, 884686, 1070820, 986912]"
438,"[9881593, 10149640, 6034857, 8065410, 899624]"
2134,"[1082185, 899624, 844179, 1098844, 1038985]"
1093,"[899624, 857503, 962229, 951197, 1082185]"
1753,"[883186, 8090537, 986912, 1116028, 963686]"
1537,"[1106523, 1029743, 1043494, 1126899, 1076056]"
210,"[1051323, 999779, 899624, 6034857, 1051516]"
128,"[12263857, 1082185, 1098248, 1029743, 883963]"
1539,"[1037840, 1075368, 852856, 899624, 1068719]"
190,[]
283,"[940947, 1070820, 990797, 1138443, 5569471]"
971,"[1061982, 1075368, 866211, 878715, 1085357]"
259,"[1087605, 1062128, 832768, 1106523, 6391381]"
354,"[916122, 1050851, 910032, 849202, 1041796]"
77,"[1126899, 1106523, 1055425, 901062, 849578]"
1954,"[1084036, 1026118, 1029743, 1038745, 969866]"
926,"[1101706, 1134633, 1138443, 916993, 1062002]"
15,"[1070820, 1029743, 845208, 1026118, 1081177]"
2273,"[880427, 867547, 889551, 825170, 1009187]"
1776,"[1004906, 901062, 1026118, 1117514, 979707]"
9,"[12171886, 1029743, 1056005, 857503, 10456457]"
2292,"[1029743, 865456, 894627, 950577, 1106523]"
1001,"[12301109, 1135834, 997987, 9673980, 1051211]"
62,"[899624, 12301109, 1004906, 12810393, 1106523]"
2256,"[976199, 1070820, 1126899, 1029743, 5569230]"
2120,"[899624, 1106523, 12301109, 5568729, 12301100]"
727,"[1099089, 5568729, 870547, 916122, 1106523]"
1979,"[1029743, 1004906, 1106523, 1070820, 1098844]"
1949,"[1044078, 1004857, 908843, 1048833, 947326]"
327,[]
1568,"[899624, 882489, 1106523, 999270, 12695224]"
1333,"[1126899, 888586, 1128016, 13841744, 12731436]"
2231,"[1111129, 944836, 1024306, 903800, 1080853]"
1260,"[1098248, 9487534, 999104, 1051516, 925425]"
2325,[]
1207,"[1029743, 976199, 1037840, 1044078, 1106523]"
392,"[940947, 916122, 963835, 1022254, 1106523]"
1264,"[1087618, 1083787, 916990, 1136341, 1042942]"
924,"[1029743, 940766, 1075470, 1051211, 1105917]"
1227,"[1070702, 5568378, 1029743, 1068719, 5569230]"
2135,"[6534074, 986912, 922561, 853448, 933835]"
343,"[1086727, 1092588, 7139529, 1034511, 895327]"
1160,"[12301100, 1044078, 1106523, 871756, 5568378]"
1167,"[5572738, 1082185, 1070820, 1062002, 940947]"
281,"[1137573, 1070820, 854852, 999104, 1099905]"
2071,"[933835, 899624, 1068719, 1129322, 871756]"
2040,"[1029743, 949030, 1067449, 1021225, 1086119]"
943,"[5592931, 1106523, 1035207, 940090, 13381584]"
1976,"[1106523, 1082990, 1019637, 1004436, 1034176]"
955,"[1106523, 1044078, 860703, 1041796, 5568378]"
1000,"[986912, 6034857, 957232, 12427353, 1131438]"
1926,"[12262830, 1068719, 916122, 951094, 1037631]"
1085,"[1029743, 874972, 908318, 1070702, 944139]"
1041,"[1106523, 899624, 1068719, 1127470, 1029743]"
1634,"[5569327, 907631, 1044078, 1070820, 8090537]"
427,"[1082185, 1042616, 1054539, 863632, 905942]"
2234,"[854754, 8065410, 915493, 880150, 1104343]"
1965,"[9881592, 9884484, 893018, 1122358, 983584]"
2339,[]
568,"[1106523, 1038663, 1083787, 5585510, 1127758]"
1329,"[9526628, 986912, 866211, 1098248, 854405]"
1805,"[1075368, 1006483, 852856, 970760, 916821]"
1541,"[1029743, 940947, 844179, 849578, 12731436]"
324,"[1098844, 13007846, 1087081, 1090587, 6533394]"
1596,"[1042571, 1046816, 1040807, 862725, 959931]"
741,"[916122, 976199, 13213604, 1006264, 1112238]"
2370,"[1070820, 946839, 897954, 863447, 916122]"
1657,"[1106523, 1029743, 1068719, 879506, 5568378]"
1585,"[1126899, 5569471, 14106445, 1110409, 1055504]"
1962,"[1056509, 1112825, 1121059, 913210, 1094924]"
1928,"[983584, 1070820, 908504, 1019078, 849870]"
390,"[5569230, 1072693, 888543, 993638, 1058243]"
2308,[]
2299,"[12604625, 6602697, 916122, 999104, 878996]"
1226,"[913210, 890695, 940947, 916122, 1070820]"
1426,"[8090537, 919534, 1029743, 983584, 8090521]"
1384,"[1004906, 880150, 999270, 985999, 937292]"
1127,"[1102416, 1029743, 5569230, 1043787, 907631]"
2121,"[848319, 854852, 1081177, 5585510, 991223]"
1129,"[858439, 13842100, 1126899, 1037332, 1004906]"
2456,"[951412, 908318, 857503, 834158, 6548453]"
2030,"[1043751, 1087102, 971922, 6533394, 1029743]"
342,"[1029743, 1037965, 990797, 972143, 976199]"
183,"[8090440, 1125278, 993638, 823862, 961979]"
767,"[1042571, 971922, 927325, 1042907, 1070845]"
1139,"[833724, 856942, 872137, 1131625, 942077]"
2279,"[849697, 1106523, 822739, 7166861, 8090537]"
258,"[824796, 1029743, 999250, 879876, 914318]"
26,"[896862, 1022254, 901062, 1071342, 1081533]"
291,"[1106523, 911311, 827919, 989069, 845265]"
2175,[]
1912,"[1029743, 12384775, 969866, 865026, 1106523]"
687,"[1137344, 5569230, 1029743, 1106523, 951197]"
2176,[]
1493,"[1097001, 1029743, 999714, 8090521, 1041796]"
2214,"[1082212, 853210, 1104343, 1018954, 1029743]"
854,"[1029743, 945998, 976199, 862488, 861279]"
552,"[907631, 863885, 999779, 1044078, 916122]"
622,"[986912, 1106523, 1038663, 1034176, 965766]"
919,"[1044078, 1029743, 1094308, 1106523, 992622]"
43,"[1106523, 1004906, 1029743, 1070820, 899624]"
974,[]
1801,"[1116635, 1128163, 854900, 970760, 12988031]"
1109,"[1115576, 1109014, 899624, 1070820, 968992]"
1680,"[1048507, 9673830, 1044078, 1104343, 901062]"
2033,"[1127758, 1124342, 1029743, 1003257, 1024306]"
160,"[1011089, 1070820, 833598, 933835, 1101010]"
2280,"[1070820, 883003, 1137775, 5569230, 1004906]"
1071,"[1106523, 856252, 1029743, 882604, 902396]"
1957,"[1040807, 854405, 9245108, 8177622, 5568378]"
1750,[]
2222,[]
1904,"[1029743, 1070820, 976199, 1044078, 1106523]"
1896,"[1075368, 1082185, 1037840, 1029743, 822739]"
2211,"[1126899, 850834, 1070820, 13073050, 1126045]"
2058,"[14106445, 901776, 1010079, 1022254, 5569471]"
1881,"[1110695, 901062, 852360, 913210, 959316]"
2461,"[8067176, 1110409, 857503, 866871, 857006]"
1890,"[1126899, 1061982, 916122, 1003616, 825541]"
53,"[6034857, 5569471, 1087102, 9368289, 7166724]"
138,"[979707, 1098844, 1101706, 1070820, 899624]"
2319,"[1013928, 912817, 922127, 1106523, 1070820]"
1899,"[1122358, 879504, 985893, 1029743, 882604]"
2499,"[5569327, 5568378, 1070820, 899624, 904129]"
1132,"[1025611, 1044078, 922561, 1106523, 933067]"
810,"[993638, 961979, 999250, 8090440, 933835]"
1047,"[899624, 944534, 12301100, 844179, 916122]"
608,"[6979753, 1106523, 9655528, 863762, 907631]"
2136,"[9707498, 13906641, 901062, 6602729, 995965]"
466,"[1025611, 989069, 1044078, 899624, 999858]"
1067,"[1029743, 1075368, 1126899, 8090532, 946839]"
330,"[1004906, 899624, 1029743, 887503, 1044078]"
820,"[8090509, 1106523, 1037840, 5569135, 9884698]"
402,"[13382073, 853448, 819978, 892573, 1000237]"
1487,"[5569230, 12810393, 940947, 1029743, 1083813]"
1258,"[983000, 883932, 5569471, 1051211, 971922]"
753,"[1029743, 923789, 847207, 899459, 10285005]"
1649,"[1051516, 1106523, 854852, 916122, 866211]"
1092,"[1106523, 1029743, 1128016, 983584, 1044078]"
1810,"[1029743, 1098284, 932631, 1076842, 985638]"
856,"[10341855, 1022254, 1029743, 990797, 1127758]"
1194,"[1044078, 1038745, 1022254, 910473, 1106523]"
1846,"[916122, 839208, 1029743, 994261, 983584]"
1745,"[1106271, 988697, 1106523, 9575582, 902377]"
1458,"[962266, 933067, 976199, 1083787, 990797]"
1769,"[5563693, 1109778, 1029743, 999625, 6602697]"
845,"[8090537, 1009361, 906838, 897954, 8090533]"
1195,"[1049372, 890695, 889989, 871061, 1054262]"
338,"[819840, 1026118, 1004906, 1029743, 1082185]"
754,"[1005274, 1036347, 869676, 866211, 1062002]"
1594,"[901976, 1022254, 865456, 1106523, 1068719]"
666,"[860167, 957232, 1106523, 905537, 1029743]"
691,"[954673, 989069, 1003649, 825365, 888054]"
1687,"[1010079, 957938, 1126899, 832678, 976199]"
2155,[]
640,[]
1641,[]
39,"[1127716, 1126899, 857503, 13158992, 9655212]"
350,"[9833277, 1044078, 1087102, 885697, 899624]"
132,"[854852, 999198, 1126899, 927325, 862682]"
1145,"[986912, 1106523, 1094308, 985893, 942525]"
318,"[7025203, 5569230, 1106523, 1029743, 7441210]"
265,"[954525, 979707, 899624, 949784, 906026]"
1693,"[1126899, 6391381, 5592610, 5587656, 5590613]"
1318,"[925862, 963835, 904241, 947427, 852856]"
1531,"[6442441, 1075368, 834117, 964520, 862854]"
2028,"[8090509, 5569230, 895295, 5568378, 5569327]"
7,"[12524016, 1122358, 1106523, 1126899, 993638]"
425,"[1044078, 1070820, 871756, 994894, 985889]"
2239,"[1115971, 937292, 999270, 983584, 845774]"
965,"[12301100, 871756, 944534, 999779, 8090537]"
992,"[909714, 913210, 935578, 960732, 939323]"
725,"[5569327, 899624, 1106523, 871756, 957063]"
681,"[856252, 890695, 850102, 882604, 1134483]"
124,[]
495,"[12810391, 1029743, 882190, 899201, 1082454]"
410,"[948650, 1029743, 1096066, 916122, 1044078]"
280,"[13002981, 9333734, 1044078, 1106523, 916122]"
1532,"[1113164, 965766, 911609, 914318, 862010]"
406,"[872137, 1057102, 937791, 1128812, 910309]"
1488,"[1126899, 5568378, 1054262, 844697, 1116020]"
1791,"[957013, 916122, 14106445, 910673, 8090440]"
1993,"[1043787, 862010, 1129609, 5568729, 826952]"
978,"[1070820, 1106523, 916122, 1111129, 871756]"
1198,"[915064, 900586, 1092588, 879506, 1029743]"
227,"[890955, 864658, 871722, 954424, 996009]"
1089,"[1006483, 947798, 1029743, 992622, 7147142]"
1370,"[12810393, 8090521, 1106523, 1070702, 899624]"
1363,"[1082212, 5569230, 1029743, 979707, 1132771]"
1895,"[1044078, 1129049, 916122, 6424471, 963971]"
2408,"[9527159, 908318, 1029743, 1101010, 1138443]"
1136,"[907631, 1004906, 965766, 1051323, 1044078]"
1141,"[983584, 1029743, 910673, 1056509, 1106523]"
1697,"[1044078, 993838, 1042438, 1029743, 999858]"
2472,"[1136486, 1068719, 979452, 5569230, 962967]"
2338,"[890695, 1082990, 5569327, 986912, 9368289]"
1652,"[1034176, 5567502, 852856, 1013928, 1075368]"
1526,"[900586, 986912, 8090537, 890610, 864335]"
1959,[]
314,"[1082185, 893018, 844179, 1130858, 865528]"
1822,"[1029743, 1068719, 1106523, 1044078, 9835223]"
1997,"[1126899, 985889, 916122, 1008675, 10344585]"
2452,"[1074333, 1106523, 1127758, 5568378, 949023]"
1294,"[1126899, 913210, 878715, 916122, 901062]"
698,"[1106523, 957232, 1029743, 8090537, 1004906]"
670,"[867547, 1029743, 979707, 971922, 899115]"
1429,"[1126899, 8119302, 1102845, 1106523, 1070820]"
939,"[13841744, 1029743, 1103105, 1102416, 896085]"
2171,"[986912, 1023196, 1081533, 872177, 1003616]"
2041,"[1127716, 917033, 878715, 872137, 1074333]"
1708,"[12648296, 1029743, 919534, 6534480, 832678]"
1632,[]
609,"[903529, 1036939, 1029743, 852856, 1106523]"
288,"[1082185, 1098844, 1026118, 1070820, 863885]"
2445,"[933835, 844179, 1102879, 976199, 1087102]"
1885,"[909714, 944534, 901062, 916122, 852856]"
232,"[1072693, 1029743, 913210, 1068719, 907631]"
886,"[1070820, 1004001, 1004596, 957232, 1040807]"
930,"[917033, 883932, 976199, 1016800, 899624]"
1149,"[1026118, 919681, 899624, 909714, 901062]"
1319,"[947326, 1029743, 1106523, 831628, 896613]"
2240,"[5568378, 1106523, 1044188, 910032, 12301839]"
2295,"[899624, 854405, 1106523, 1068719, 1044078]"
909,"[9935616, 1082185, 976199, 1044078, 1029743]"
2464,"[1083578, 1037840, 1075368, 986912, 899624]"
2063,"[1127831, 986912, 866211, 1022254, 915874]"
903,[]
30,"[899624, 976199, 1029743, 1004906, 908318]"
135,"[918150, 852360, 937413, 898121, 887393]"
1806,"[1126899, 1029743, 893018, 5568378, 895295]"
241,"[12301109, 1055504, 899624, 1004906, 957736]"
2394,"[967332, 994894, 998119, 1029743, 9835509]"
1689,"[1133254, 1000753, 978077, 1013259, 1098284]"
2404,"[1029743, 940947, 838186, 5568729, 8065410]"
684,"[957232, 922092, 965766, 847207, 897954]"
2434,"[1068292, 1131344, 1096066, 1044078, 934639]"
2021,"[1044078, 896862, 1004906, 1019142, 883932]"
997,"[1019247, 1070820, 926033, 1080867, 1137346]"
531,[]
1747,"[951727, 1106523, 986912, 957063, 839419]"
1966,"[944836, 833724, 1004906, 820486, 1125497]"
1204,"[1106523, 926905, 933835, 917033, 1037840]"
570,[]
781,"[1001277, 854405, 910673, 5578437, 6514011]"
611,"[7409663, 1106523, 1065979, 12648296, 6534030]"
1690,"[951590, 863447, 832678, 916122, 999779]"
1362,"[1097350, 7169088, 13417761, 7168026, 6463772]"
2235,"[12731436, 937292, 969866, 12427353, 12810464]"
1983,"[7166865, 899624, 908318, 885290, 866211]"
1408,[]
1796,"[9677236, 12988031, 1029743, 965766, 1037840]"
1624,"[5569230, 986912, 1082185, 819840, 993638]"
1060,"[910032, 8090521, 5569230, 1040807, 916122]"
1462,"[1133312, 868868, 885290, 890695, 1127328]"
1310,"[8293447, 8276172, 940947, 1130858, 1106523]"
544,"[865156, 827332, 1126899, 1006184, 1125943]"
1360,[]
2181,"[1106523, 1126899, 1087102, 899624, 1034868]"
393,"[1029743, 1068719, 1013928, 1044078, 899624]"
1909,[]
716,"[9834837, 6034857, 845307, 866755, 1046957]"
2388,"[1106523, 960613, 930137, 1029743, 9884698]"
993,"[1101010, 8090541, 971922, 887661, 993638]"
1485,"[12302114, 1106523, 953561, 885863, 933835]"
1024,"[940947, 1043751, 1106523, 1056509, 1101010]"
1763,"[834396, 6548453, 1037840, 1106523, 979707]"
502,"[871756, 1042438, 893018, 5568378, 1068719]"
2276,"[1106523, 983584, 967144, 956672, 1029743]"
2260,"[865705, 838186, 972416, 882604, 1011459]"
143,"[1106523, 819255, 965766, 999270, 5569230]"
1614,"[5584646, 6773232, 1082185, 863632, 6391080]"
847,"[1005274, 1008074, 1001827, 963835, 1041796]"
480,"[857503, 1047769, 1070820, 1001827, 854754]"
1152,"[5569471, 963234, 1110111, 1029743, 1090507]"
1288,"[1090587, 985999, 1081177, 916122, 897954]"
2185,"[1022097, 852856, 909714, 1041796, 1068719]"
1715,"[942151, 1126899, 1098844, 1055504, 1029743]"
1373,"[6034857, 1098844, 1081177, 5585510, 944137]"
2090,"[1032967, 1037631, 852856, 1131506, 877210]"
1278,[]
1738,"[1118033, 957063, 1040807, 922847, 998008]"
242,"[1082185, 1029743, 854852, 6463742, 978343]"
1405,"[893018, 854405, 871563, 854852, 976199]"
591,"[1065017, 933067, 854852, 1106523, 916122]"
880,"[1029743, 846202, 913210, 976199, 872137]"
801,"[9245106, 9884698, 1082185, 844179, 976199]"
1918,"[1082185, 6463710, 6463717, 1116020, 872137]"
2359,"[1106523, 960732, 1103105, 1068719, 6534544]"
429,"[948670, 1029743, 899624, 1004906, 976199]"
21,"[1031864, 1029743, 6034857, 1004906, 1049735]"
443,"[899624, 13213480, 9396705, 6463775, 6533362]"
477,[]
2282,"[880228, 833724, 929925, 1019643, 1070820]"
1985,"[5569230, 1106523, 901062, 1004906, 13841744]"
693,"[1044188, 934639, 1037337, 1104349, 951164]"
2373,[]
1721,"[1004906, 1029743, 899624, 976199, 925862]"
907,"[986912, 961979, 944534, 985999, 896613]"
159,"[1131344, 1004906, 846823, 933067, 1002850]"
483,"[1106523, 1139216, 5981074, 12695224, 1068719]"
86,"[865026, 854852, 820301, 8090519, 899201]"
1083,"[908843, 933835, 13073225, 899624, 864335]"
2060,"[986912, 5569230, 842783, 950202, 1132771]"
1783,"[9835509, 12648296, 1029743, 1132771, 883003]"
564,"[1055504, 1029743, 1106523, 1127831, 1081177]"
1644,"[969034, 1037840, 976199, 1029743, 1075368]"
2037,"[990797, 1068719, 1029743, 965766, 1106523]"
1647,"[1004906, 1029743, 976199, 899624, 965766]"
42,"[5995177, 6602697, 946839, 839656, 1112766]"
1869,"[940947, 1126899, 1050851, 1009187, 852856]"
2305,"[9835509, 1029743, 983584, 999858, 916122]"
2450,"[12757280, 1070820, 1022254, 831628, 863447]"
779,"[1009187, 1022097, 963365, 5569230, 1134483]"
2364,"[1869549, 5707857, 2067041, 6034857, 1127831]"
274,"[1106523, 12731714, 976199, 897954, 1068719]"
545,"[1040807, 949742, 922127, 969725, 986912]"
1761,"[7025204, 854852, 1043751, 863447, 895930]"
2277,"[1013928, 1075368, 893018, 947798, 1097001]"
435,"[8090532, 1117514, 8090537, 909714, 5569230]"
1749,"[1135834, 934399, 1131488, 1009719, 878715]"
225,"[1029743, 1043663, 839152, 850601, 829852]"
1073,"[916122, 1013597, 965766, 923789, 5569230]"
699,"[1029743, 899624, 902172, 1043751, 917033]"
1193,"[1013928, 899624, 1106523, 940947, 1068719]"
793,"[1127328, 1106523, 947201, 8090545, 1029743]"
1115,[]
2209,"[1029743, 885290, 1098844, 1062002, 1004906]"
1157,"[1070820, 1069506, 865705, 12171656, 1041796]"
71,"[1056509, 10149656, 9836106, 9245106, 13003092]"
166,"[1029743, 885697, 1075368, 944486, 1052294]"
524,"[1106523, 1082185, 1076056, 1029743, 999104]"
321,"[5567702, 1056509, 944836, 1075214, 901062]"
23,"[1075368, 1034176, 1138858, 1051468, 1139782]"
1802,"[885290, 888835, 848319, 1117358, 854852]"
1084,"[951590, 847241, 1122358, 6704207, 907625]"
249,"[1029743, 1044078, 916122, 1068719, 1106523]"
33,"[9835747, 12810472, 871756, 9831469, 1025611]"
461,"[1050851, 1004906, 897954, 976199, 918684]"
1666,[]
1123,"[1126899, 5585510, 1098844, 13159156, 1041796]"
1841,"[999858, 1062572, 872137, 1004906, 951954]"
1163,"[1029743, 896862, 899624, 910032, 1004906]"
1147,"[1106523, 844697, 1068719, 862799, 870547]"
680,"[899624, 832442, 8090521, 993838, 8090513]"
1978,"[1022097, 1082212, 1029743, 1062002, 1128016]"
1096,"[854852, 857503, 1121533, 1026118, 1125278]"
2385,"[1068719, 1029743, 910032, 1131438, 989069]"
1342,[]
118,"[893018, 1082185, 13381584, 1083043, 1048257]"
2496,"[916122, 899624, 907631, 1056509, 999858]"
717,"[986912, 1101010, 910473, 854716, 857719]"
2146,"[13671905, 904236, 944836, 849870, 13776705]"
715,"[1087102, 1106523, 1135834, 1044078, 1040807]"
171,"[1004906, 1044078, 1029743, 916122, 983584]"
151,"[916122, 844179, 897954, 832678, 976199]"
1034,[]
2477,"[866211, 916122, 1096563, 1127831, 883400]"
537,"[1116635, 1128163, 943522, 957013, 1072523]"
213,[]
1524,"[1126899, 1122568, 938319, 1095751, 1114251]"
326,"[8090521, 1037840, 10150194, 1029743, 1106523]"
3,[]
988,"[1070820, 1044188, 1102067, 901061, 1106523]"
1330,"[1106523, 1042907, 910032, 856252, 914318]"
267,"[929373, 901976, 1011457, 1029743, 1037840]"
884,[]
1892,"[1093413, 863762, 1044078, 896862, 846823]"
1104,"[1114605, 1065979, 901460, 5571261, 1115576]"
1638,"[1029743, 1004906, 1106523, 1081177, 854852]"
2471,"[13008321, 1029743, 1126899, 1106523, 1104343]"
1996,"[1126899, 1041796, 884089, 1047076, 1068719]"
1231,"[1029743, 1082185, 13877012, 8359154, 890909]"
1465,"[824180, 976199, 872137, 1042616, 1050482]"
2026,[]
316,"[956486, 1044078, 1025611, 933835, 1068719]"
2250,"[1094308, 7167903, 12731432, 957063, 1033769]"
606,"[1029743, 848107, 1036930, 970160, 1095944]"
1593,"[979707, 1029743, 992529, 957232, 835098]"
1887,"[1106523, 1126899, 957232, 7441498, 1029743]"
1070,"[8293439, 1134398, 983584, 949294, 1096635]"
1809,"[8090536, 1003257, 957232, 1082185, 916993]"
1189,"[904997, 1082185, 819840, 1106523, 1044078]"
1075,"[10149640, 1029743, 1002850, 938554, 1106523]"
1646,[]
1,"[5577022, 8293439, 9527558, 10149640, 940947]"
2341,"[1106523, 1098284, 12301100, 5568378, 907625]"
1668,"[1106523, 1068719, 1029743, 1070820, 1113381]"
50,[]
194,"[845208, 876991, 854852, 857503, 878285]"
1119,"[940947, 834117, 838186, 5568378, 1042907]"
169,"[1099164, 1016800, 944139, 838186, 913210]"
1964,"[870428, 1002771, 887503, 916122, 925350]"
366,"[12810422, 1044078, 1029743, 1106523, 1042438]"
1124,"[1029743, 1103105, 1056509, 991592, 8090537]"
659,"[844179, 916122, 1132911, 899624, 944534]"
471,[]
1706,"[903325, 1037840, 899624, 1101010, 986912]"
1214,[]
1717,"[858439, 1029743, 1055425, 1068719, 848319]"
1221,"[1029743, 1004906, 999104, 1055504, 916993]"
1648,"[1106523, 9419528, 9553382, 985699, 5569327]"
2079,"[8090537, 1026118, 1106523, 871611, 1081177]"
1555,"[1029743, 1041796, 1090884, 845265, 862799]"
2018,"[1082185, 1106523, 880150, 970152, 1004906]"
613,[]
1112,"[1082185, 1075368, 1029743, 836286, 972445]"
216,"[1075277, 6533936, 974156, 986912, 974204]"
1640,"[1106523, 1052294, 1051283, 863762, 819255]"
16,"[13007710, 872137, 923149, 5569845, 902172]"
1417,"[10198378, 913210, 896862, 825343, 13841744]"
248,"[1029743, 913210, 8119101, 1126899, 5568378]"
734,"[6391381, 970160, 1055504, 1029743, 1005274]"
1447,"[913210, 1088910, 847260, 9526159, 12524016]"
566,[]
47,"[8119103, 8119318, 5580801, 980823, 934948]"
268,"[1051283, 902172, 895655, 895295, 981086]"
2148,"[1107839, 1101010, 948670, 1106523, 1068719]"
217,"[895930, 986912, 976199, 916122, 1018740]"
162,"[7166797, 1122358, 1022428, 964521, 1070820]"
2500,"[854405, 1065538, 1056509, 1013389, 1019643]"
1868,[]
623,"[934427, 1029743, 1108168, 873964, 1044078]"
830,"[1106523, 899624, 1082185, 1001702, 965766]"
457,"[1029743, 976199, 1044078, 899624, 1004906]"
2014,"[1024051, 1029743, 965766, 963727, 990656]"
411,"[1082185, 1106523, 1029743, 5585510, 1092937]"
220,"[1029743, 866211, 839419, 933067, 912704]"
1174,"[896862, 6904613, 1043920, 930666, 937292]"
112,"[9527159, 5569845, 1062128, 5569230, 5569471]"
2160,"[976199, 953539, 1029743, 983584, 956672]"
2278,"[922127, 965842, 1006184, 901062, 857503]"
1696,"[1070820, 1082212, 823576, 885023, 956672]"
668,"[848319, 871756, 1135258, 1037332, 940947]"
1552,"[944836, 1029743, 916122, 944534, 1044207]"
858,"[1070820, 1029743, 910473, 912704, 882604]"
1380,"[1028953, 1072438, 1037840, 1075368, 7409951]"
579,[]
1518,"[825343, 982790, 1038663, 1124029, 841220]"
212,"[1044078, 888054, 8090560, 8090521, 1029743]"
2072,[]
357,[]
2112,"[1029743, 1082212, 5585510, 901062, 1070702]"
2119,"[12757140, 1029743, 1092502, 12731432, 960613]"
2333,"[976199, 1037840, 1075368, 983584, 1106523]"
478,"[8203851, 919558, 963339, 835558, 1102067]"
1281,"[1044078, 1106523, 940947, 1029743, 1056005]"
323,[]
1931,"[843464, 823704, 896862, 1106523, 937292]"
1946,"[1070820, 10344585, 1082185, 12946027, 916122]"
286,"[9553154, 1120361, 1115069, 966684, 933835]"
262,"[1040807, 1132771, 1004906, 1008814, 971922]"
2205,"[1106523, 1096635, 921406, 6773142, 908318]"
1401,"[1044078, 976199, 1029743, 1043663, 1070820]"
2303,"[1029743, 1002771, 841220, 933835, 971922]"
2315,[]
610,[]
353,"[901062, 866211, 1022254, 1098844, 6533236]"
1515,"[852856, 944486, 1075214, 911454, 1034176]"
954,"[899624, 1070702, 1056509, 5585510, 6034857]"
1698,"[907631, 866211, 1083446, 899624, 930118]"
1951,"[1127831, 1029743, 1076199, 1081177, 1106523]"
2101,"[1029743, 1101010, 883003, 1040807, 999104]"
1935,"[1126899, 999104, 986912, 1089843, 916122]"
308,"[13841744, 1043787, 6904613, 963835, 887102]"
1790,"[13213567, 1082185, 1038174, 883932, 1004906]"
388,"[1029743, 1079338, 1102879, 849274, 899624]"
1838,"[899624, 1106523, 1056509, 5569471, 5569230]"
2043,"[8291322, 992529, 995876, 1093878, 1044078]"
34,"[1044078, 1000753, 976199, 12301109, 999858]"
270,"[940947, 1106523, 1029743, 1133312, 1126899]"
1103,"[1126899, 862535, 1029743, 1051211, 1075175]"
697,"[879445, 1070820, 965693, 845307, 9832514]"
1279,"[965766, 1106523, 969866, 904997, 896862]"
811,"[899624, 5568378, 1062002, 1006184, 866211]"
736,"[955921, 1029743, 845208, 1075353, 1105917]"
2410,"[1106523, 931007, 924770, 1037840, 930870]"
83,"[1069181, 913210, 879393, 1086384, 872762]"
1457,"[1044078, 910673, 863447, 823990, 916122]"
187,"[7410335, 983584, 933835, 1043751, 819978]"
1183,[]
1039,"[1029743, 5569230, 972665, 884686, 831063]"
2197,"[1037840, 1075368, 1029743, 899624, 1106523]"
1100,"[976199, 1029743, 910473, 907631, 899624]"
525,"[1040807, 971922, 883003, 829852, 1104343]"
1171,"[1075368, 1029743, 1106523, 1070820, 919534]"
497,"[1029743, 1045826, 898342, 976199, 15630094]"
1734,"[5569230, 15926927, 1122568, 1029743, 13008412]"
331,"[1070820, 5569135, 1098844, 5565322, 1029743]"
769,"[8293447, 1106523, 982449, 1103105, 5592261]"
2253,"[1060408, 1029743, 986912, 952972, 1108168]"
1313,"[1029743, 8090521, 1081177, 1074449, 12301784]"
861,[]
1877,[]
139,"[1082185, 9673830, 866211, 9673266, 9673969]"
723,"[13007518, 909268, 916487, 827079, 999104]"
1108,"[1088771, 940947, 999270, 910032, 823704]"
1182,"[899624, 1106523, 1044078, 1029743, 5592931]"
1700,"[5568378, 930385, 941856, 844179, 871756]"
1833,"[1000753, 947201, 838186, 916122, 880150]"
339,"[1106523, 1029743, 865456, 896085, 5592931]"
2287,"[1004906, 1029743, 1137100, 854852, 1082212]"
602,"[1029743, 833940, 1014948, 1027168, 1029688]"
244,"[1107839, 1052729, 883003, 9268043, 964704]"
836,"[990869, 851287, 1037840, 916993, 1042544]"
1368,"[12263692, 862799, 916122, 944137, 834117]"
191,"[910032, 1002850, 976199, 841220, 940947]"
2179,"[880427, 922127, 995965, 1106523, 911311]"
1344,"[1029743, 1008288, 7168057, 834117, 945662]"
90,[]
2323,"[901062, 904236, 899624, 875666, 976199]"
547,"[1029743, 885290, 1040807, 5564683, 1037840]"
514,"[1105488, 866211, 1127831, 909714, 1127328]"
1861,"[1029743, 987571, 846482, 1004906, 1082185]"
100,"[1118235, 1083446, 1113438, 1002787, 15926844]"
1236,"[8090521, 5569230, 965766, 8090509, 1106523]"
1766,"[880714, 1044078, 1068719, 1029743, 883003]"
1882,"[1075368, 1070820, 1037840, 881119, 1106523]"
1886,[]
777,"[6533608, 1132771, 13911257, 1029743, 1028891]"
1779,[]
2317,"[1029743, 1082185, 933835, 944836, 971922]"
1087,"[1106523, 899624, 844179, 1029743, 1123022]"
1295,"[1029743, 965864, 931255, 7410335, 1106523]"
1669,"[832678, 872137, 879506, 940806, 857503]"
2089,"[1126899, 855454, 1029743, 1102829, 1122358]"
2172,"[1029743, 837304, 849202, 1101744, 995965]"
111,"[1106523, 899624, 909268, 1075786, 1004906]"
1784,"[979707, 1051516, 899624, 994894, 951412]"
662,"[1070272, 1103105, 1106523, 862535, 898867]"
1903,"[1106523, 1029743, 1124695, 1038462, 965530]"
254,"[1106523, 862535, 1029743, 1067749, 822225]"
1662,"[1126899, 916122, 880427, 837969, 12988031]"
713,"[5569230, 1075368, 885290, 1051211, 1029743]"
1331,"[845208, 1031316, 970760, 963686, 1124520]"
1299,"[8090521, 1029743, 916122, 913210, 899624]"
333,[]
1242,[]
1765,"[1016709, 1043494, 1070820, 7169088, 1029743]"
1388,"[5570383, 1022066, 1027168, 873577, 1042544]"
1660,"[955854, 827919, 845265, 923149, 1009770]"
1463,"[986912, 8090560, 8090537, 933835, 903529]"
2457,"[1134210, 901062, 1106523, 976199, 1081177]"
2437,"[1070820, 7409644, 946839, 7409618, 901062]"
284,[]
1789,"[955716, 1004436, 957063, 1029743, 887782]"
1523,[]
2223,"[836445, 878222, 1047525, 6463949, 890695]"
2081,[]
1695,"[1082185, 1070820, 1106523, 1029743, 1067606]"
576,"[8090532, 8090521, 5569230, 8090537, 1029688]"
595,"[1106523, 993638, 1013389, 1029743, 922561]"
1628,[]
1743,"[867827, 904414, 845082, 6463775, 890695]"
446,[]
1201,"[1056509, 1029743, 1106523, 963727, 983584]"
2153,"[13841744, 1029743, 5592931, 1004906, 1044078]"
1131,"[1029743, 864893, 1075368, 1043920, 940766]"
2022,"[1082185, 906335, 1098844, 854852, 1029743]"
581,"[1126899, 983584, 834158, 1043971, 1070820]"
407,"[976199, 902172, 1106523, 1029743, 983584]"
1553,"[986912, 1029743, 1037840, 899624, 1004906]"
1712,"[901062, 1106523, 944139, 840227, 1029743]"
904,"[1106523, 836445, 844462, 891505, 913210]"
837,"[8090532, 1138467, 1112825, 852360, 5569230]"
1571,"[913210, 1062128, 1043494, 907631, 1003806]"
794,"[950638, 857503, 1053730, 1051211, 865026]"
2000,"[1106523, 967144, 828055, 8090537, 930385]"
507,"[1014948, 893701, 1071446, 1026258, 1121384]"
749,[]
72,"[8019681, 938596, 979707, 1070820, 991874]"
1208,"[899624, 1029743, 866211, 897954, 6772859]"
814,"[907631, 1029743, 854405, 985999, 999104]"
1500,"[1091090, 975792, 852856, 994542, 1011457]"
1730,"[1029743, 901062, 1106523, 1108168, 899624]"
1053,"[971922, 7409982, 12731544, 979707, 1137775]"
1991,"[1044078, 825365, 1106523, 880150, 12810393]"
2202,"[1097001, 1075214, 1029743, 1025399, 890955]"
1382,"[1029743, 8090541, 5569230, 5570383, 1128016]"
999,"[1029743, 983584, 6704207, 907631, 944139]"
942,"[1087102, 1029743, 1015539, 1014388, 946995]"
1222,"[1091090, 933835, 916122, 5569230, 1044078]"
1005,"[12301100, 1132231, 1004906, 8090537, 1044078]"
1502,"[6904613, 852856, 862010, 1003257, 1011457]"
264,"[957232, 6391086, 926905, 6773232, 1097761]"
2174,"[1005173, 8249511, 986912, 1075368, 842783]"
2161,"[1126899, 890610, 951590, 944836, 976214]"
742,"[992622, 965766, 1037840, 1106523, 977798]"
2258,"[13189944, 1126899, 833940, 901666, 828393]"
2482,"[1106523, 1004906, 1029743, 1024306, 1105917]"
1064,"[8090521, 862799, 1093571, 909714, 976199]"
1811,"[1135258, 1106523, 901976, 916122, 1044078]"
116,"[1106523, 1019637, 1029743, 1104343, 976199]"
1728,"[1029743, 1126899, 9296919, 13115579, 865156]"
2138,"[1029743, 1042544, 937413, 1105917, 829291]"
2195,"[1126899, 1055504, 1062002, 1104343, 1106523]"
1069,"[999858, 1029743, 989069, 865456, 9420181]"
168,[]
197,"[1126899, 9881593, 963835, 838186, 856252]"
257,"[1038663, 1093413, 1106523, 957063, 993638]"
1967,"[1029743, 13190349, 909750, 1070820, 13382402]"
1780,"[908318, 999779, 1038663, 1082185, 1022254]"
865,"[6443332, 1106523, 899624, 1075368, 1067606]"
1867,"[916122, 897954, 893018, 849202, 933835]"
1334,"[1106523, 1029743, 5568378, 1037840, 1075368]"
1683,"[5574377, 976199, 940922, 979707, 13213296]"
1437,"[893018, 1044078, 1044759, 1021324, 1029743]"
2435,"[10198378, 12731517, 899624, 1029743, 12695224]"
2283,[]
2442,"[1126899, 1106523, 7442180, 12988031, 5569230]"
375,"[1029743, 8090537, 8090532, 1068719, 1106523]"
927,"[976199, 999142, 954179, 821324, 1075582]"
2397,"[883932, 865026, 1116770, 1106523, 1135834]"
1733,"[6904613, 1086740, 894439, 5566800, 986912]"
818,"[1029743, 6919087, 9297191, 1087102, 1128016]"
1259,[]
1739,"[5568378, 1106523, 946055, 1029743, 1038663]"
770,"[5569230, 986912, 899624, 820582, 1041796]"
126,"[1004906, 836445, 1025611, 899624, 1029743]"
1699,"[993638, 830203, 986912, 1048445, 1101010]"
701,"[13115579, 835098, 944137, 5569230, 1004001]"
383,"[1126899, 842630, 890695, 1098844, 944836]"
515,"[1106523, 1081177, 1070702, 999714, 1137507]"
1389,"[10150194, 1053628, 964120, 10149640, 12949855]"
1263,"[12262778, 1029743, 874972, 871722, 12810393]"
300,"[1106523, 1041796, 835618, 1029743, 1025581]"
1202,"[9925966, 13382402, 836085, 1029743, 971922]"
711,"[1055382, 828393, 872137, 1098284, 1037840]"
2173,"[1132771, 1087102, 1105488, 1062002, 1118033]"
1410,"[1029743, 976199, 947326, 1051211, 902037]"
1519,"[1070820, 5569230, 8090521, 916122, 15972790]"
167,"[9297151, 6391163, 962266, 1006063, 895163]"
1787,[]
1196,"[901062, 857503, 885023, 854852, 909714]"
1587,[]
107,"[1029743, 899624, 1106523, 1014948, 861279]"
2294,"[1132771, 1029743, 1082185, 5590613, 1106523]"
1155,"[893018, 907099, 890695, 926905, 1016800]"
196,"[1070702, 1082185, 926905, 1106523, 893018]"
1898,"[866540, 853060, 1123106, 839243, 1003616]"
593,"[1106523, 853998, 846760, 984575, 1104027]"
665,"[847529, 1059153, 1007240, 875089, 910095]"
1862,[]
1038,[]
1560,"[1121384, 823704, 1029743, 1021519, 1106523]"
2042,[]
2399,[]
1003,"[1070820, 5569230, 1025581, 976199, 896085]"
1350,"[1029743, 1106523, 1037863, 965766, 1051323]"
1403,[]
877,"[1126899, 871061, 1022254, 9677366, 961021]"
1891,"[1082185, 930918, 998549, 827079, 1022340]"
1216,"[946995, 5569230, 999625, 5569471, 10344585]"
1361,[]
385,"[8065410, 6034857, 1087102, 857503, 933835]"
1688,[]
557,"[10285296, 857503, 819330, 7409951, 834117]"
1512,"[986912, 834117, 983584, 832369, 1004436]"
508,"[920191, 1101010, 879504, 1025611, 1108296]"
1889,[]
1713,"[1082627, 851188, 13841744, 893362, 923149]"
1357,"[983897, 866548, 12263276, 1070820, 829291]"
1209,"[1029743, 953539, 986912, 933835, 1107839]"
987,"[986912, 916122, 819978, 1137775, 1065538]"
2288,"[986912, 988914, 1061614, 866540, 1018740]"
1265,"[1042544, 1067606, 1054402, 1004906, 865705]"
348,"[1056509, 1068719, 1029743, 1080472, 5568378]"
2379,"[860248, 854405, 848684, 839419, 1111129]"
721,"[1126899, 930918, 889533, 1041032, 7168286]"
35,"[6464165, 1106523, 1126899, 1074754, 1115175]"
1929,"[1075368, 933835, 1106523, 946839, 965766]"
984,"[9655078, 1029743, 1022254, 987410, 1106523]"
140,"[1110244, 1037840, 1137346, 1106523, 1128016]"
1992,"[1050741, 1042438, 1029743, 915605, 863436]"
506,"[1029743, 969568, 913210, 834117, 1027168]"
969,"[1029743, 940806, 1106523, 863762, 933328]"
2369,"[878285, 1029743, 8090440, 1121059, 914318]"
548,"[1098435, 854852, 1001333, 1116741, 1101706]"
1755,"[916122, 999714, 865892, 1093413, 871756]"
1280,[]
2001,"[852856, 912704, 899624, 1075368, 986912]"
2145,[]
1086,"[844179, 1076954, 832678, 829955, 883003]"
1414,"[1126899, 1029743, 1037840, 838186, 1075368]"
437,"[913210, 9884698, 944534, 948670, 1099089]"
146,"[1101175, 834117, 1102067, 1029743, 1106523]"
1025,"[865456, 1106523, 1044078, 983584, 8090521]"
1853,"[1029743, 1021116, 976199, 1068719, 1015785]"
1578,"[916122, 1029743, 1075368, 844697, 931255]"
29,"[12301334, 1133312, 9488057, 854900, 841309]"
2103,[]
1252,"[1006184, 899624, 958208, 854852, 1029743]"
2248,"[983584, 827999, 1091520, 1029743, 950463]"
70,"[899624, 1037840, 1075368, 852856, 986912]"
1871,"[1055425, 854852, 1026118, 944836, 854754]"
245,"[12731517, 1044078, 933835, 1132771, 883003]"
1110,"[1775642, 916122, 1086061, 1008288, 944534]"
643,"[6534035, 1029743, 1125943, 1093571, 5568642]"
2354,"[913210, 1126899, 866211, 8019649, 944836]"
247,"[8090537, 901062, 1121360, 1076056, 1106523]"
